30000001,hs
30000002,hs
30000003,hs
30000004,hs
30000005,hs
30000006,hs
30000007,hs
30000008,hs
30000009,hs
30000010,hs
30000011,hs
30000012,ls
30000013,ls
30000014,ls
30000015,ls
30000016,ls
30000017,ls
30000018,ls
30000019,ls
30000020,ls
30000021,ls
30000022,ls
30000023,hs
30000024,hs
30000025,hs
30000026,hs
30000027,hs
30000028,hs
30000029,hs
30000030,hs
30000031,hs
30000032,hs
30000033,hs
30000034,hs
30000035,hs
30000036,ls
30000037,ls
30000038,ls
30000039,ls
30000040,ls
30000041,ls
30000042,hs
30000043,ls
30000044,ls
30000045,ls
30000046,ls
30000047,ls
30000048,hs
30000049,ls
30000050,hs
30000051,hs
30000052,hs
30000053,hs
30000054,hs
30000055,hs
30000056,hs
30000057,hs
30000058,hs
30000059,hs
30000060,hs
30000061,hs
30000062,hs
30000063,hs
30000064,hs
30000065,ls
30000066,hs
30000067,ls
30000068,hs
30000069,hs
30000070,ls
30000071,hs
30000072,ls
30000073,ls
30000074,ls
30000075,ls
30000076,hs
30000077,hs
30000078,hs
30000079,hs
30000080,hs
30000081,hs
30000082,hs
30000083,hs
30000084,hs
30000085,hs
30000086,hs
30000087,hs
30000088,hs
30000089,ls
30000090,ls
30000091,ls
30000092,ls
30000093,ls
30000094,ls
30000095,ls
30000096,ls
30000097,ls
30000098,ls
30000099,ls
30000100,ls
30000101,hs
30000102,ls
30000103,hs
30000104,ls
30000105,ls
30000106,hs
30000107,hs
30000108,ls
30000109,hs
30000110,ls
30000111,ls
30000112,hs
30000113,ls
30000114,ls
30000115,ls
30000116,ls
30000117,ls
30000118,ls
30000119,hs
30000120,hs
30000121,hs
30000122,hs
30000123,hs
30000124,hs
30000125,hs
30000126,hs
30000127,hs
30000128,hs
30000129,hs
30000130,hs
30000131,hs
30000132,hs
30000133,hs
30000134,hs
30000135,hs
30000136,hs
30000137,hs
30000138,hs
30000139,hs
30000140,hs
30000141,hs
30000142,hs
30000143,hs
30000144,hs
30000145,hs
30000146,hs
30000147,hs
30000148,hs
30000149,hs
30000150,hs
30000151,hs
30000152,hs
30000153,hs
30000154,hs
30000155,hs
30000156,hs
30000157,hs
30000158,hs
30000159,hs
30000160,hs
30000161,hs
30000162,ls
30000163,ls
30000164,ls
30000165,hs
30000166,hs
30000167,hs
30000168,hs
30000169,ls
30000170,hs
30000171,hs
30000172,hs
30000173,hs
30000174,hs
30000175,hs
30000176,hs
30000177,hs
30000178,hs
30000179,hs
30000180,hs
30000181,hs
30000182,hs
30000183,hs
30000184,hs
30000185,hs
30000186,ls
30000187,hs
30000188,hs
30000189,hs
30000190,hs
30000191,ls
30000192,ls
30000193,hs
30000194,ls
30000195,ls
30000196,ls
30000197,ls
30000198,ls
30000199,ls
30000200,ls
30000201,hs
30000202,hs
30000203,ls
30000204,ls
30000205,ls
30000206,hs
30000207,ls
30000208,ns
30000209,ns
30000210,ns
30000211,ns
30000212,ns
30000213,ns
30000214,ns
30000215,ns
30000216,ns
30000217,ns
30000218,ns
30000219,ns
30000220,ns
30000221,ns
30000222,ns
30000223,ns
30000224,ns
30000225,ns
30000226,ns
30000227,ns
30000228,ns
30000229,ns
30000230,ns
30000231,ns
30000232,ns
30000233,ns
30000234,ns
30000235,ns
30000236,ns
30000237,ns
30000238,ns
30000239,ns
30000240,ns
30000241,ns
30000242,ns
30000243,ns
30000244,ns
30000245,ns
30000246,ns
30000247,ns
30000248,ns
30000249,ns
30000250,ns
30000251,ns
30000252,ns
30000253,ns
30000254,ns
30000255,ns
30000256,ns
30000257,ns
30000258,ns
30000259,ns
30000260,ns
30000261,ns
30000262,ns
30000263,ns
30000264,ns
30000265,ns
30000266,ns
30000267,ns
30000268,ns
30000269,ns
30000270,ns
30000271,ns
30000272,ns
30000273,ns
30000274,ns
30000275,ns
30000276,ns
30000277,ns
30000278,ns
30000279,ns
30000280,ns
30000281,ns
30000282,ns
30000283,ns
30000284,ns
30000285,ns
30000286,ns
30000287,ns
30000288,ns
30000289,ns
30000290,ns
30000291,ns
30000292,ns
30000293,ns
30000294,ns
30000295,ns
30000296,ns
30000297,ns
30000298,ns
30000299,ns
30000300,ns
30000301,ns
30000302,ns
30000303,ns
30000304,ns
30000305,ns
30000306,ns
30000307,ns
30000308,ns
30000309,ns
30000310,ns
30000311,ns
30000312,ns
30000313,ns
30000314,ns
30000315,ns
30000316,ns
30000317,ns
30000318,ns
30000319,ns
30000320,ns
30000321,ns
30000322,ns
30000323,ns
30000324,ns
30000325,ns
30000326,ns
30000327,ns
30000328,ns
30000329,ns
30000330,ns
30000331,ns
30000332,ns
30000333,ns
30000334,ns
30000335,ns
30000336,ns
30000337,ns
30000338,ns
30000339,ns
30000340,ns
30000341,ns
30000342,ns
30000343,ns
30000344,ns
30000345,ns
30000346,ns
30000347,ns
30000348,ns
30000349,ns
30000350,ns
30000351,ns
30000352,ns
30000353,ns
30000354,ns
30000355,ns
30000356,ns
30000357,ns
30000358,ns
30000359,ns
30000360,ns
30000361,ns
30000362,ns
30000363,ns
30000364,ns
30000365,ns
30000366,ns
30000367,ns
30000368,ns
30000369,ns
30000370,ns
30000371,ns
30000372,ns
30000373,ns
30000374,ns
30000375,ns
30000376,ns
30000377,ns
30000378,ns
30000379,ns
30000380,ns
30000381,ns
30000382,ns
30000383,ns
30000384,ns
30000385,ns
30000386,ns
30000387,ns
30000388,ns
30000389,ns
30000390,ns
30000391,ns
30000392,ns
30000393,ns
30000394,ns
30000395,ns
30000396,ns
30000397,ns
30000398,ns
30000399,ns
30000400,ns
30000401,ns
30000402,ns
30000403,ns
30000404,ns
30000405,ns
30000406,ns
30000407,ns
30000408,ns
30000409,ns
30000410,ns
30000411,ns
30000412,ns
30000413,ns
30000414,ns
30000415,ns
30000416,ns
30000417,ns
30000418,ns
30000419,ns
30000420,ns
30000421,ns
30000422,ns
30000423,ns
30000424,ns
30000425,ns
30000426,ns
30000427,ns
30000428,ns
30000429,ns
30000430,ns
30000431,ns
30000432,ns
30000433,ns
30000434,ns
30000435,ns
30000436,ns
30000437,ns
30000438,ns
30000439,ns
30000440,ns
30000441,ns
30000442,ns
30000443,ns
30000444,ns
30000445,ns
30000446,ns
30000447,ns
30000448,ns
30000449,ns
30000450,ns
30000451,ns
30000452,ns
30000453,ns
30000454,ns
30000455,ns
30000456,ns
30000457,ns
30000458,ns
30000459,ns
30000460,ns
30000461,ns
30000462,ns
30000463,ns
30000464,ns
30000465,ns
30000466,ns
30000467,ns
30000468,ns
30000469,ns
30000470,ns
30000471,ns
30000472,ns
30000473,ns
30000474,ns
30000475,ns
30000476,ns
30000477,ns
30000478,ns
30000479,ns
30000480,ns
30000481,ns
30000482,ns
30000483,ns
30000484,ns
30000485,ns
30000486,ns
30000487,ns
30000488,ns
30000489,ns
30000490,ns
30000491,ns
30000492,ns
30000493,ns
30000494,ns
30000495,ns
30000496,ns
30000497,ns
30000498,ns
30000499,ns
30000500,ns
30000501,ns
30000502,ns
30000503,ns
30000504,ns
30000505,ns
30000506,ns
30000507,ns
30000508,ns
30000509,ns
30000510,ns
30000511,ns
30000512,ns
30000513,ns
30000514,ns
30000515,ns
30000516,ns
30000517,ns
30000518,ns
30000519,ns
30000520,ns
30000521,ns
30000522,ns
30000523,ns
30000524,ns
30000525,ns
30000526,ns
30000527,ns
30000528,ns
30000529,ns
30000530,ns
30000531,ns
30000532,ns
30000533,ns
30000534,ns
30000535,ns
30000536,ns
30000537,ns
30000538,ns
30000539,ns
30000540,ns
30000541,ns
30000542,ns
30000543,ns
30000544,ns
30000545,ns
30000546,ns
30000547,ns
30000548,ns
30000549,ns
30000550,ns
30000551,ns
30000552,ns
30000553,ns
30000554,ns
30000555,ns
30000556,ns
30000557,ns
30000558,ns
30000559,ns
30000560,ns
30000561,ns
30000562,ns
30000563,ns
30000564,ns
30000565,ns
30000566,ns
30000567,ns
30000568,ns
30000569,ns
30000570,ns
30000571,ns
30000572,ns
30000573,ns
30000574,ns
30000575,ns
30000576,ns
30000577,ns
30000578,ns
30000579,ns
30000580,ns
30000581,ns
30000582,ns
30000583,ns
30000584,ns
30000585,ns
30000586,ns
30000587,ns
30000588,ns
30000589,ns
30000590,ns
30000591,ns
30000592,ns
30000593,ns
30000594,ns
30000595,ns
30000596,ns
30000597,ns
30000598,ns
30000599,ns
30000600,ns
30000601,ns
30000602,ns
30000603,ns
30000604,ns
30000605,ns
30000606,ns
30000607,ns
30000608,ns
30000609,ns
30000610,ns
30000611,ns
30000612,ns
30000613,ns
30000614,ns
30000615,ns
30000616,ns
30000617,ns
30000618,ns
30000619,ns
30000620,ns
30000621,ns
30000622,ns
30000623,ns
30000624,ns
30000625,ns
30000626,ns
30000627,ns
30000628,ns
30000629,ns
30000630,ns
30000631,ns
30000632,ns
30000633,ns
30000634,ns
30000635,ns
30000636,ns
30000637,ns
30000638,ns
30000639,ns
30000640,ns
30000641,ns
30000642,ns
30000643,ns
30000644,ns
30000645,ns
30000646,ns
30000647,ns
30000648,ns
30000649,ns
30000650,ns
30000651,ns
30000652,ns
30000653,ns
30000654,ns
30000655,ns
30000656,ns
30000657,ns
30000658,ns
30000659,ns
30000660,ns
30000661,ns
30000662,ns
30000663,ns
30000664,ns
30000665,ns
30000666,ns
30000667,ns
30000668,ns
30000669,ns
30000670,ns
30000671,ns
30000672,ns
30000673,ns
30000674,ns
30000675,ns
30000676,ns
30000677,ns
30000678,ns
30000679,ns
30000680,ns
30000681,ns
30000682,ns
30000683,ns
30000684,ns
30000685,ns
30000686,ns
30000687,ns
30000688,ns
30000689,ns
30000690,ns
30000691,ns
30000692,ns
30000693,ns
30000694,ns
30000695,ns
30000696,ns
30000697,ns
30000698,ns
30000699,ns
30000700,ns
30000701,ns
30000702,ns
30000703,ns
30000704,ns
30000705,ns
30000706,ns
30000707,ns
30000708,ns
30000709,ns
30000710,ns
30000711,ns
30000712,ns
30000713,ns
30000714,ns
30000715,ns
30000716,ns
30000717,ns
30000718,ns
30000719,ns
30000720,ns
30000721,ns
30000722,ns
30000723,ns
30000724,ns
30000725,ns
30000726,ns
30000727,ns
30000728,ns
30000729,ns
30000730,ns
30000731,ns
30000732,ns
30000733,ns
30000734,ns
30000735,ns
30000736,ns
30000737,ns
30000738,ns
30000739,ns
30000740,ns
30000741,ns
30000742,ns
30000743,ns
30000744,ns
30000745,ns
30000746,ns
30000747,ns
30000748,ns
30000749,ns
30000750,ns
30000751,ns
30000752,ns
30000753,ns
30000754,ns
30000755,ns
30000756,ns
30000757,ns
30000758,ns
30000759,ns
30000760,ns
30000761,ns
30000762,ns
30000763,ns
30000764,ns
30000765,ns
30000766,ns
30000767,ns
30000768,ns
30000769,ns
30000770,ns
30000771,ns
30000772,ns
30000773,ns
30000774,ns
30000775,ns
30000776,ns
30000777,ns
30000778,ns
30000779,ns
30000780,ns
30000781,ns
30000782,ns
30000783,ns
30000784,ns
30000785,ns
30000786,ns
30000787,ns
30000788,ns
30000789,ns
30000790,ns
30000791,ns
30000792,ns
30000793,ns
30000794,ns
30000795,ns
30000796,ns
30000797,ns
30000798,ns
30000799,ns
30000800,ns
30000801,ns
30000802,ns
30000803,ns
30000804,ns
30000805,ns
30000806,ns
30000807,ns
30000808,ns
30000809,ns
30000810,ns
30000811,ns
30000812,ns
30000813,ns
30000814,ns
30000815,ns
30000816,ns
30000817,ns
30000818,ns
30000819,ns
30000820,ns
30000821,ns
30000822,ns
30000823,ns
30000824,ns
30000825,ns
30000826,ns
30000827,ns
30000828,ns
30000829,ns
30000830,ns
30000831,ns
30000832,ns
30000833,ns
30000834,ns
30000835,ns
30000836,ns
30000837,ns
30000838,ns
30000839,ns
30000840,ns
30000841,ns
30000842,ns
30000843,ns
30000844,ns
30000845,ns
30000846,ns
30000847,ns
30000848,ns
30000849,ns
30000850,ns
30000851,ns
30000852,ns
30000853,ns
30000854,ns
30000855,ns
30000856,ns
30000857,ns
30000858,ns
30000859,ns
30000860,ns
30000861,ns
30000862,ns
30000863,ns
30000864,ns
30000865,ns
30000866,ns
30000867,ns
30000868,ns
30000869,ns
30000870,ns
30000871,ns
30000872,ns
30000873,ns
30000874,ns
30000875,ns
30000876,ns
30000877,ns
30000878,ns
30000879,ns
30000880,ns
30000881,ns
30000882,ns
30000883,ns
30000884,ns
30000885,ns
30000886,ns
30000887,ns
30000888,ns
30000889,ns
30000890,ns
30000891,ns
30000892,ns
30000893,ns
30000894,ns
30000895,ns
30000896,ns
30000897,ns
30000898,ns
30000899,ns
30000900,ns
30000901,ns
30000902,ns
30000903,ns
30000904,ns
30000905,ns
30000906,ns
30000907,ns
30000908,ns
30000909,ns
30000910,ns
30000911,ns
30000912,ns
30000913,ns
30000914,ns
30000915,ns
30000916,ns
30000917,ns
30000918,ns
30000919,ns
30000920,ns
30000921,ns
30000922,ns
30000923,ns
30000924,ns
30000925,ns
30000926,ns
30000927,ns
30000928,ns
30000929,ns
30000930,ns
30000931,ns
30000932,ns
30000933,ns
30000934,ns
30000935,ns
30000936,ns
30000937,ns
30000938,ns
30000939,ns
30000940,ns
30000941,ns
30000942,ns
30000943,ns
30000944,ns
30000945,ns
30000946,ns
30000947,ns
30000948,ns
30000949,ns
30000950,ns
30000951,ns
30000952,ns
30000953,ns
30000954,ns
30000955,ns
30000956,ns
30000957,ns
30000958,ns
30000959,ns
30000960,ns
30000961,ns
30000962,ns
30000963,ns
30000964,ns
30000965,ns
30000966,ns
30000967,ns
30000968,ns
30000969,ns
30000970,ns
30000971,ns
30000972,ns
30000973,ns
30000974,ns
30000975,ns
30000976,ns
30000977,ns
30000978,ns
30000979,ns
30000980,ns
30000981,ns
30000982,ns
30000983,ns
30000984,ns
30000985,ns
30000986,ns
30000987,ns
30000988,ns
30000989,ns
30000990,ns
30000991,ns
30000992,ns
30000993,ns
30000994,ns
30000995,ns
30000996,ns
30000997,ns
30000998,ns
30000999,ns
30001000,ns
30001001,ns
30001002,ns
30001003,ns
30001004,ns
30001005,ns
30001006,ns
30001007,ns
30001008,ns
30001009,ns
30001010,ns
30001011,ns
30001012,ns
30001013,ns
30001014,ns
30001015,ns
30001016,ns
30001017,ns
30001018,ns
30001019,ns
30001020,ns
30001021,ns
30001022,ns
30001023,ns
30001024,ns
30001025,ns
30001026,ns
30001027,ns
30001028,ns
30001029,ns
30001030,ns
30001031,ns
30001032,ns
30001033,ns
30001034,ns
30001035,ns
30001036,ns
30001037,ns
30001038,ns
30001039,ns
30001040,ns
30001041,ns
30001042,ns
30001043,ns
30001044,ns
30001045,ns
30001046,ns
30001047,ns
30001048,ns
30001049,ns
30001050,ns
30001051,ns
30001052,ns
30001053,ns
30001054,ns
30001055,ns
30001056,ns
30001057,ns
30001058,ns
30001059,ns
30001060,ns
30001061,ns
30001062,ns
30001063,ns
30001064,ns
30001065,ns
30001066,ns
30001067,ns
30001068,ns
30001069,ns
30001070,ns
30001071,ns
30001072,ns
30001073,ns
30001074,ns
30001075,ns
30001076,ns
30001077,ns
30001078,ns
30001079,ns
30001080,ns
30001081,ns
30001082,ns
30001083,ns
30001084,ns
30001085,ns
30001086,ns
30001087,ns
30001088,ns
30001089,ns
30001090,ns
30001091,ns
30001092,ns
30001093,ns
30001094,ns
30001095,ns
30001096,ns
30001097,ns
30001098,ns
30001099,ns
30001100,ns
30001101,ns
30001102,ns
30001103,ns
30001104,ns
30001105,ns
30001106,ns
30001107,ns
30001108,ns
30001109,ns
30001110,ns
30001111,ns
30001112,ns
30001113,ns
30001114,ns
30001115,ns
30001116,ns
30001117,ns
30001118,ns
30001119,ns
30001120,ns
30001121,ns
30001122,ns
30001123,ns
30001124,ns
30001125,ns
30001126,ns
30001127,ns
30001128,ns
30001129,ns
30001130,ns
30001131,ns
30001132,ns
30001133,ns
30001134,ns
30001135,ns
30001136,ns
30001137,ns
30001138,ns
30001139,ns
30001140,ns
30001141,ns
30001142,ns
30001143,ns
30001144,ns
30001145,ns
30001146,ns
30001147,ns
30001148,ns
30001149,ns
30001150,ns
30001151,ns
30001152,ns
30001153,ns
30001154,ns
30001155,ns
30001156,ns
30001157,ns
30001158,ns
30001159,ns
30001160,ns
30001161,ns
30001162,ns
30001163,ns
30001164,ns
30001165,ns
30001166,ns
30001167,ns
30001168,ns
30001169,ns
30001170,ns
30001171,ns
30001172,ns
30001173,ns
30001174,ns
30001175,ns
30001176,ns
30001177,ns
30001178,ns
30001179,ns
30001180,ns
30001181,ns
30001182,ns
30001183,ns
30001184,ns
30001185,ns
30001186,ns
30001187,ns
30001188,ns
30001189,ns
30001190,ns
30001191,ns
30001192,ns
30001193,ns
30001194,ns
30001195,ns
30001196,ns
30001197,ns
30001198,ns
30001199,ns
30001200,ns
30001201,ns
30001202,ns
30001203,ns
30001204,ns
30001205,ns
30001206,ns
30001207,ns
30001208,ns
30001209,ns
30001210,ns
30001211,ns
30001212,ns
30001213,ns
30001214,ns
30001215,ns
30001216,ns
30001217,ns
30001218,ns
30001219,ns
30001220,ns
30001221,ns
30001222,ns
30001223,ns
30001224,ns
30001225,ns
30001226,ns
30001227,ns
30001228,ns
30001229,ns
30001230,ns
30001231,ns
30001232,ns
30001233,ns
30001234,ns
30001235,ns
30001236,ns
30001237,ns
30001238,ns
30001239,ns
30001240,ns
30001241,ns
30001242,ns
30001243,ns
30001244,ns
30001245,ns
30001246,ns
30001247,ns
30001248,ns
30001249,ns
30001250,ns
30001251,ns
30001252,ns
30001253,ns
30001254,ns
30001255,ns
30001256,ns
30001257,ns
30001258,ns
30001259,ns
30001260,ns
30001261,ns
30001262,ns
30001263,ns
30001264,ns
30001265,ns
30001266,ns
30001267,ns
30001268,ns
30001269,ns
30001270,ns
30001271,ns
30001272,ns
30001273,ns
30001274,ns
30001275,ns
30001276,ns
30001277,ns
30001278,ns
30001279,ns
30001280,ns
30001281,ns
30001282,ns
30001283,ns
30001284,ns
30001285,ns
30001286,ns
30001287,ns
30001288,ns
30001289,ns
30001290,ns
30001291,ns
30001292,ns
30001293,ns
30001294,ns
30001295,ns
30001296,ns
30001297,ns
30001298,ns
30001299,ns
30001300,ns
30001301,ns
30001302,ns
30001303,ns
30001304,ns
30001305,ns
30001306,ns
30001307,ns
30001308,ns
30001309,ns
30001310,ns
30001311,ns
30001312,ns
30001313,ns
30001314,ns
30001315,ns
30001316,ns
30001317,ns
30001318,ns
30001319,ns
30001320,ns
30001321,ns
30001322,ns
30001323,ns
30001324,ns
30001325,ns
30001326,ns
30001327,ns
30001328,ns
30001329,ns
30001330,ns
30001331,ns
30001332,ns
30001333,ns
30001334,ns
30001335,ns
30001336,ns
30001337,ns
30001338,ns
30001339,ns
30001340,ns
30001341,ns
30001342,ns
30001343,ns
30001344,ns
30001345,ns
30001346,ns
30001347,ns
30001348,ns
30001349,ns
30001350,ns
30001351,ns
30001352,ns
30001353,ns
30001354,ns
30001355,ns
30001356,ls
30001357,hs
30001358,hs
30001359,hs
30001360,hs
30001361,ls
30001362,hs
30001363,hs
30001364,hs
30001365,hs
30001366,hs
30001367,hs
30001368,hs
30001369,hs
30001370,hs
30001371,hs
30001372,hs
30001373,hs
30001374,hs
30001375,hs
30001376,hs
30001377,hs
30001378,hs
30001379,hs
30001380,hs
30001381,hs
30001382,hs
30001383,hs
30001384,hs
30001385,ls
30001386,hs
30001387,hs
30001388,ls
30001389,hs
30001390,ls
30001391,hs
30001392,hs
30001393,hs
30001394,hs
30001395,hs
30001396,hs
30001397,hs
30001398,ls
30001399,hs
30001400,hs
30001401,hs
30001402,ls
30001403,hs
30001404,hs
30001405,hs
30001406,hs
30001407,hs
30001408,hs
30001409,hs
30001410,hs
30001411,hs
30001412,hs
30001413,hs
30001414,hs
30001415,hs
30001416,hs
30001417,hs
30001418,hs
30001419,hs
30001420,ls
30001421,hs
30001422,ls
30001423,hs
30001424,hs
30001425,hs
30001426,hs
30001427,hs
30001428,hs
30001429,hs
30001430,hs
30001431,hs
30001432,hs
30001433,hs
30001434,hs
30001435,ls
30001436,ls
30001437,ls
30001438,ls
30001439,ls
30001440,ls
30001441,ls
30001442,ls
30001443,hs
30001444,hs
30001445,ls
30001446,ls
30001447,ls
30001448,ls
30001449,ns
30001450,ns
30001451,ns
30001452,ns
30001453,ns
30001454,ns
30001455,ns
30001456,ns
30001457,ns
30001458,ns
30001459,ns
30001460,ns
30001461,ns
30001462,ns
30001463,ns
30001464,ns
30001465,ns
30001466,ns
30001467,ns
30001468,ns
30001469,ns
30001470,ns
30001471,ns
30001472,ns
30001473,ns
30001474,ns
30001475,ns
30001476,ns
30001477,ns
30001478,ns
30001479,ns
30001480,ns
30001481,ns
30001482,ns
30001483,ns
30001484,ns
30001485,ns
30001486,ns
30001487,ns
30001488,ns
30001489,ns
30001490,ns
30001491,ns
30001492,ns
30001493,ns
30001494,ns
30001495,ns
30001496,ns
30001497,ns
30001498,ns
30001499,ns
30001500,ns
30001501,ns
30001502,ns
30001503,ns
30001504,ns
30001505,ns
30001506,ns
30001507,ns
30001508,ns
30001509,ns
30001510,ns
30001511,ns
30001512,ns
30001513,ns
30001514,ns
30001515,ns
30001516,ns
30001517,ns
30001518,ns
30001519,ns
30001520,ns
30001521,ns
30001522,ns
30001523,ns
30001524,ns
30001525,ns
30001526,ns
30001527,ns
30001528,ns
30001529,ns
30001530,ns
30001531,ns
30001532,ns
30001533,ns
30001534,ns
30001535,ns
30001536,ns
30001537,ns
30001538,ns
30001539,ns
30001540,ns
30001541,ns
30001542,ns
30001543,ns
30001544,ns
30001545,ns
30001546,ns
30001547,ns
30001548,ns
30001549,ns
30001550,ns
30001551,ns
30001552,ns
30001553,ns
30001554,ns
30001555,ns
30001556,ns
30001557,ns
30001558,ns
30001559,ns
30001560,ns
30001561,ns
30001562,ns
30001563,ns
30001564,ns
30001565,ns
30001566,ns
30001567,ns
30001568,ns
30001569,ns
30001570,ns
30001571,ns
30001572,ns
30001573,ns
30001574,ns
30001575,ns
30001576,ns
30001577,ns
30001578,ns
30001579,ns
30001580,ns
30001581,ns
30001582,ns
30001583,ns
30001584,ns
30001585,ns
30001586,ns
30001587,ns
30001588,ns
30001589,ns
30001590,ns
30001591,ns
30001592,ns
30001593,ns
30001594,ns
30001595,ns
30001596,ns
30001597,ns
30001598,ns
30001599,ns
30001600,ns
30001601,ns
30001602,ns
30001603,ns
30001604,ns
30001605,ns
30001606,ns
30001607,ns
30001608,ns
30001609,ns
30001610,ns
30001611,ns
30001612,ns
30001613,ns
30001614,ns
30001615,ns
30001616,ns
30001617,ns
30001618,ns
30001619,ns
30001620,ns
30001621,ns
30001622,ns
30001623,ns
30001624,ns
30001625,ns
30001626,ns
30001627,ns
30001628,ns
30001629,ns
30001630,ns
30001631,ns
30001632,ns
30001633,ns
30001634,ns
30001635,ns
30001636,ns
30001637,ns
30001638,ns
30001639,ns
30001640,ns
30001641,ns
30001642,ns
30001643,ns
30001644,hs
30001645,hs
30001646,hs
30001647,hs
30001648,hs
30001649,hs
30001650,hs
30001651,hs
30001652,hs
30001653,hs
30001654,hs
30001655,hs
30001656,hs
30001657,hs
30001658,hs
30001659,hs
30001660,hs
30001661,ls
30001662,hs
30001663,ls
30001664,ls
30001665,hs
30001666,hs
30001667,hs
30001668,ls
30001669,hs
30001670,hs
30001671,hs
30001672,hs
30001673,hs
30001674,hs
30001675,hs
30001676,hs
30001677,hs
30001678,hs
30001679,hs
30001680,hs
30001681,ls
30001682,ls
30001683,ls
30001684,ls
30001685,ls
30001686,ls
30001687,hs
30001688,hs
30001689,hs
30001690,hs
30001691,hs
30001692,hs
30001693,hs
30001694,hs
30001695,hs
30001696,hs
30001697,hs
30001698,hs
30001699,hs
30001700,hs
30001701,hs
30001702,hs
30001703,hs
30001704,hs
30001705,hs
30001706,hs
30001707,hs
30001708,hs
30001709,hs
30001710,hs
30001711,hs
30001712,hs
30001713,hs
30001714,hs
30001715,hs
30001716,hs
30001717,hs
30001718,hs
30001719,ls
30001720,ls
30001721,ls
30001722,hs
30001723,hs
30001724,hs
30001725,hs
30001726,hs
30001727,hs
30001728,hs
30001729,hs
30001730,hs
30001731,hs
30001732,hs
30001733,hs
30001734,hs
30001735,hs
30001736,hs
30001737,hs
30001738,hs
30001739,hs
30001740,hs
30001741,hs
30001742,hs
30001743,ns
30001744,ns
30001745,ns
30001746,ns
30001747,ns
30001748,ns
30001749,ns
30001750,ns
30001751,ns
30001752,ns
30001753,ns
30001754,ns
30001755,ns
30001756,ns
30001757,ns
30001758,ns
30001759,ns
30001760,ns
30001761,ns
30001762,ns
30001763,ns
30001764,ns
30001765,ns
30001766,ns
30001767,ns
30001768,ns
30001769,ns
30001770,ns
30001771,ns
30001772,ns
30001773,ns
30001774,ns
30001775,ns
30001776,ns
30001777,ns
30001778,ns
30001779,ns
30001780,ns
30001781,ns
30001782,ns
30001783,ns
30001784,ns
30001785,ns
30001786,ns
30001787,ns
30001788,ns
30001789,ns
30001790,ns
30001791,ns
30001792,ns
30001793,ns
30001794,ns
30001795,ns
30001796,ns
30001797,ns
30001798,ns
30001799,ns
30001800,ns
30001801,ns
30001802,ns
30001803,ns
30001804,ns
30001805,ns
30001806,ns
30001807,ns
30001808,ns
30001809,ns
30001810,ns
30001811,ns
30001812,ns
30001813,ns
30001814,ns
30001815,ns
30001816,ns
30001817,ns
30001818,ns
30001819,ns
30001820,ns
30001821,ns
30001822,ns
30001823,ns
30001824,ns
30001825,ns
30001826,ns
30001827,ns
30001828,ns
30001829,ns
30001830,ns
30001831,ns
30001832,ns
30001833,ns
30001834,ns
30001835,ns
30001836,ns
30001837,ns
30001838,ns
30001839,ns
30001840,ns
30001841,ns
30001842,ns
30001843,ns
30001844,ns
30001845,ns
30001846,ns
30001847,ns
30001848,ns
30001849,ns
30001850,ns
30001851,ns
30001852,ns
30001853,ns
30001854,ns
30001855,ns
30001856,ns
30001857,ns
30001858,ns
30001859,ns
30001860,ns
30001861,ns
30001862,ns
30001863,ns
30001864,ns
30001865,ns
30001866,ns
30001867,ns
30001868,ns
30001869,ns
30001870,ns
30001871,ns
30001872,ns
30001873,ns
30001874,ns
30001875,ns
30001876,ns
30001877,ns
30001878,ns
30001879,ns
30001880,ns
30001881,ns
30001882,ns
30001883,ns
30001884,ns
30001885,ns
30001886,ns
30001887,ns
30001888,ns
30001889,ns
30001890,ns
30001891,ns
30001892,ns
30001893,ns
30001894,ns
30001895,ns
30001896,ns
30001897,ns
30001898,ns
30001899,ns
30001900,ns
30001901,ns
30001902,ns
30001903,ns
30001904,ns
30001905,ns
30001906,ns
30001907,ns
30001908,ns
30001909,ns
30001910,ns
30001911,ns
30001912,ns
30001913,ns
30001914,ns
30001915,ns
30001916,ns
30001917,ns
30001918,ns
30001919,ns
30001920,ns
30001921,ns
30001922,ns
30001923,ns
30001924,ns
30001925,ns
30001926,ns
30001927,ns
30001928,ns
30001929,ns
30001930,ns
30001931,ns
30001932,ns
30001933,ns
30001934,ns
30001935,ns
30001936,ns
30001937,ns
30001938,ns
30001939,ns
30001940,ns
30001941,ns
30001942,ns
30001943,ns
30001944,ns
30001945,ns
30001946,ns
30001947,ns
30001948,ns
30001949,ns
30001950,ns
30001951,ns
30001952,ns
30001953,ns
30001954,ns
30001955,ns
30001956,ns
30001957,ns
30001958,ns
30001959,ns
30001960,ns
30001961,ns
30001962,ns
30001963,ns
30001964,ns
30001965,ns
30001966,ns
30001967,ns
30001968,ns
30001969,ns
30001970,ns
30001971,ns
30001972,ns
30001973,ns
30001974,ns
30001975,ns
30001976,ns
30001977,ns
30001978,ns
30001979,ns
30001980,ns
30001981,ns
30001982,ns
30001983,ns
30001984,ns
30001985,ns
30001986,ns
30001987,ns
30001988,ns
30001989,ns
30001990,ns
30001991,ns
30001992,ns
30001993,ns
30001994,ns
30001995,ns
30001996,ns
30001997,ns
30001998,ns
30001999,ns
30002000,ns
30002001,ns
30002002,ns
30002003,ns
30002004,ns
30002005,ns
30002006,ns
30002007,ns
30002008,ns
30002009,ns
30002010,ns
30002011,ns
30002012,ns
30002013,ns
30002014,ns
30002015,ns
30002016,ns
30002017,ns
30002018,ns
30002019,ns
30002020,ns
30002021,ns
30002022,ns
30002023,ns
30002024,ns
30002025,ns
30002026,ns
30002027,ns
30002028,ns
30002029,ns
30002030,ns
30002031,ns
30002032,ns
30002033,ns
30002034,ns
30002035,ns
30002036,ns
30002037,ns
30002038,ns
30002039,ns
30002040,ns
30002041,ns
30002042,ns
30002043,ns
30002044,ns
30002045,ns
30002046,ns
30002047,ns
30002048,hs
30002049,hs
30002050,ls
30002051,hs
30002052,ls
30002053,hs
30002054,hs
30002055,hs
30002056,ls
30002057,ls
30002058,ls
30002059,ls
30002060,ls
30002061,ls
30002062,ls
30002063,ls
30002064,ls
30002065,ls
30002066,ls
30002067,ls
30002068,hs
30002069,hs
30002070,hs
30002071,hs
30002072,hs
30002073,hs
30002074,hs
30002075,hs
30002076,ls
30002077,ls
30002078,ls
30002079,ls
30002080,ls
30002081,ls
30002082,ls
30002083,ls
30002084,ls
30002085,ls
30002086,ls
30002087,ls
30002088,ls
30002089,ls
30002090,ls
30002091,ls
30002092,ls
30002093,ls
30002094,ls
30002095,ls
30002096,ls
30002097,ls
30002098,ls
30002099,ls
30002100,ls
30002101,ls
30002102,ls
30002103,ns
30002104,ns
30002105,ns
30002106,ns
30002107,ns
30002108,ns
30002109,ns
30002110,ns
30002111,ns
30002112,ns
30002113,ns
30002114,ns
30002115,ns
30002116,ns
30002117,ns
30002118,ns
30002119,ns
30002120,ns
30002121,ns
30002122,ns
30002123,ns
30002124,ns
30002125,ns
30002126,ns
30002127,ns
30002128,ns
30002129,ns
30002130,ns
30002131,ns
30002132,ns
30002133,ns
30002134,ns
30002135,ns
30002136,ns
30002137,ns
30002138,ns
30002139,ns
30002140,ns
30002141,ns
30002142,ns
30002143,ns
30002144,ns
30002145,ns
30002146,ns
30002147,ns
30002148,ns
30002149,ns
30002150,ns
30002151,ns
30002152,ns
30002153,ns
30002154,ns
30002155,ns
30002156,ns
30002157,ns
30002158,ns
30002159,ns
30002160,ns
30002161,ns
30002162,ns
30002163,ns
30002164,ns
30002165,ns
30002166,ns
30002167,ns
30002168,ns
30002169,ns
30002170,ns
30002171,ns
30002172,ns
30002173,ns
30002174,ns
30002175,ns
30002176,ns
30002177,ns
30002178,ns
30002179,ns
30002180,ns
30002181,ns
30002182,ns
30002183,ns
30002184,ns
30002185,ns
30002186,ns
30002187,hs
30002188,hs
30002189,hs
30002190,hs
30002191,hs
30002192,hs
30002193,hs
30002194,hs
30002195,hs
30002196,hs
30002197,hs
30002198,hs
30002199,hs
30002200,hs
30002201,hs
30002202,hs
30002203,hs
30002204,hs
30002205,hs
30002206,hs
30002207,hs
30002208,hs
30002209,hs
30002210,hs
30002211,hs
30002212,hs
30002213,hs
30002214,hs
30002215,hs
30002216,ls
30002217,hs
30002218,hs
30002219,ls
30002220,hs
30002221,hs
30002222,hs
30002223,hs
30002224,hs
30002225,hs
30002226,hs
30002227,hs
30002228,hs
30002229,hs
30002230,hs
30002231,hs
30002232,hs
30002233,hs
30002234,hs
30002235,hs
30002236,ls
30002237,ls
30002238,ls
30002239,ls
30002240,ls
30002241,ls
30002242,hs
30002243,hs
30002244,hs
30002245,hs
30002246,ls
30002247,hs
30002248,hs
30002249,ls
30002250,hs
30002251,hs
30002252,hs
30002253,hs
30002254,hs
30002255,ls
30002256,ls
30002257,hs
30002258,hs
30002259,hs
30002260,hs
30002261,hs
30002262,hs
30002263,hs
30002264,hs
30002265,hs
30002266,hs
30002267,hs
30002268,hs
30002269,hs
30002270,ls
30002271,hs
30002272,ls
30002273,ls
30002274,ls
30002275,hs
30002276,hs
30002277,hs
30002278,hs
30002279,hs
30002280,hs
30002281,hs
30002282,hs
30002283,ns
30002284,ns
30002285,ns
30002286,ns
30002287,ns
30002288,ns
30002289,ns
30002290,ns
30002291,ns
30002292,ns
30002293,ns
30002294,ns
30002295,ns
30002296,ns
30002297,ns
30002298,ns
30002299,ns
30002300,ns
30002301,ns
30002302,ns
30002303,ns
30002304,ns
30002305,ns
30002306,ns
30002307,ns
30002308,ns
30002309,ns
30002310,ns
30002311,ns
30002312,ns
30002313,ns
30002314,ns
30002315,ns
30002316,ns
30002317,ns
30002318,ns
30002319,ns
30002320,ns
30002321,ns
30002322,ns
30002323,ns
30002324,ns
30002325,ns
30002326,ns
30002327,ns
30002328,ns
30002329,ns
30002330,ns
30002331,ns
30002332,ns
30002333,ns
30002334,ns
30002335,ns
30002336,ns
30002337,ns
30002338,ns
30002339,ns
30002340,ns
30002341,ns
30002342,ns
30002343,ns
30002344,ns
30002345,ns
30002346,ns
30002347,ns
30002348,ns
30002349,ns
30002350,ns
30002351,ns
30002352,ns
30002353,ns
30002354,ns
30002355,ns
30002356,ns
30002357,ns
30002358,ns
30002359,ns
30002360,ns
30002361,ns
30002362,ns
30002363,ns
30002364,ns
30002365,ns
30002366,ns
30002367,ns
30002368,ns
30002369,ns
30002370,ns
30002371,ns
30002372,ns
30002373,ns
30002374,ns
30002375,ns
30002376,ns
30002377,ns
30002378,ns
30002379,ns
30002380,ns
30002381,ns
30002382,ns
30002383,hs
30002384,hs
30002385,hs
30002386,hs
30002387,ls
30002388,ls
30002389,ls
30002390,ls
30002391,ls
30002392,ls
30002393,ls
30002394,ls
30002395,ls
30002396,ls
30002397,hs
30002398,hs
30002399,hs
30002400,hs
30002401,ls
30002402,ls
30002403,ls
30002404,ls
30002405,ls
30002406,ls
30002407,ls
30002408,hs
30002409,ls
30002410,ls
30002411,ls
30002412,ls
30002413,ls
30002414,ls
30002415,ls
30002416,hs
30002417,ls
30002418,ls
30002419,ls
30002420,ls
30002421,ns
30002422,ns
30002423,ns
30002424,ns
30002425,ns
30002426,ns
30002427,ns
30002428,ns
30002429,ns
30002430,ns
30002431,ns
30002432,ns
30002433,ns
30002434,ns
30002435,ns
30002436,ns
30002437,ns
30002438,ns
30002439,ns
30002440,ns
30002441,ns
30002442,ns
30002443,ns
30002444,ns
30002445,ns
30002446,ns
30002447,ns
30002448,ns
30002449,ns
30002450,ns
30002451,ns
30002452,ns
30002453,ns
30002454,ns
30002455,ns
30002456,ns
30002457,ns
30002458,ns
30002459,ns
30002460,ns
30002461,ns
30002462,ns
30002463,ns
30002464,ns
30002465,ns
30002466,ns
30002467,ns
30002468,ns
30002469,ns
30002470,ns
30002471,ns
30002472,ns
30002473,ns
30002474,ns
30002475,ns
30002476,ns
30002477,ns
30002478,ns
30002479,ns
30002480,ns
30002481,ns
30002482,ns
30002483,ns
30002484,ns
30002485,ns
30002486,ns
30002487,ns
30002488,ns
30002489,ns
30002490,ns
30002491,ns
30002492,ns
30002493,ns
30002494,ns
30002495,ns
30002496,ns
30002497,ns
30002498,ns
30002499,ns
30002500,ns
30002501,ns
30002502,ns
30002503,ns
30002504,ns
30002505,hs
30002506,hs
30002507,hs
30002508,hs
30002509,hs
30002510,hs
30002511,hs
30002512,hs
30002513,hs
30002514,ls
30002515,ls
30002516,ls
30002517,ls
30002518,hs
30002519,hs
30002520,hs
30002521,hs
30002522,hs
30002523,hs
30002524,hs
30002525,hs
30002526,hs
30002527,hs
30002528,hs
30002529,hs
30002530,hs
30002531,hs
30002532,hs
30002533,hs
30002534,hs
30002535,hs
30002536,ls
30002537,ls
30002538,ls
30002539,ls
30002540,ls
30002541,ls
30002542,ls
30002543,hs
30002544,hs
30002545,hs
30002546,hs
30002547,hs
30002548,hs
30002549,hs
30002550,hs
30002551,ls
30002552,hs
30002553,ls
30002554,ls
30002555,ls
30002556,ls
30002557,hs
30002558,hs
30002559,ls
30002560,ls
30002561,ls
30002562,hs
30002563,hs
30002564,hs
30002565,hs
30002566,hs
30002567,hs
30002568,hs
30002569,hs
30002570,hs
30002571,hs
30002572,hs
30002573,hs
30002574,ls
30002575,ls
30002576,ls
30002577,ls
30002578,hs
30002579,ls
30002580,ls
30002581,ns
30002582,ns
30002583,ns
30002584,ns
30002585,ns
30002586,ns
30002587,ns
30002588,ns
30002589,ns
30002590,ns
30002591,ns
30002592,ns
30002593,ns
30002594,ns
30002595,ns
30002596,ns
30002597,ns
30002598,ns
30002599,ns
30002600,ns
30002601,ns
30002602,ns
30002603,ns
30002604,ns
30002605,ns
30002606,ns
30002607,ns
30002608,ns
30002609,ns
30002610,ns
30002611,ns
30002612,ns
30002613,ns
30002614,ns
30002615,ns
30002616,ns
30002617,ns
30002618,ns
30002619,ns
30002620,ns
30002621,ns
30002622,ns
30002623,ns
30002624,ns
30002625,ns
30002626,ns
30002627,ns
30002628,ns
30002629,ns
30002630,ns
30002631,ns
30002632,hs
30002633,hs
30002634,hs
30002635,ls
30002636,hs
30002637,hs
30002638,ls
30002639,hs
30002640,hs
30002641,hs
30002642,hs
30002643,hs
30002644,hs
30002645,ls
30002646,hs
30002647,ls
30002648,hs
30002649,hs
30002650,hs
30002651,ls
30002652,hs
30002653,ls
30002654,ls
30002655,hs
30002656,hs
30002657,hs
30002658,hs
30002659,hs
30002660,hs
30002661,hs
30002662,hs
30002663,hs
30002664,hs
30002665,hs
30002666,ls
30002667,hs
30002668,hs
30002669,hs
30002670,hs
30002671,hs
30002672,hs
30002673,hs
30002674,hs
30002675,hs
30002676,hs
30002677,hs
30002678,hs
30002679,hs
30002680,hs
30002681,hs
30002682,hs
30002683,hs
30002684,hs
30002685,hs
30002686,ls
30002687,hs
30002688,hs
30002689,hs
30002690,hs
30002691,ls
30002692,hs
30002693,ls
30002694,hs
30002695,hs
30002696,hs
30002697,ls
30002698,ls
30002699,hs
30002700,hs
30002701,hs
30002702,ls
30002703,hs
30002704,hs
30002705,hs
30002706,hs
30002707,hs
30002708,hs
30002709,hs
30002710,hs
30002711,hs
30002712,hs
30002713,hs
30002714,hs
30002715,hs
30002716,hs
30002717,hs
30002718,ls
30002719,ls
30002720,ls
30002721,ls
30002722,ls
30002723,ls
30002724,hs
30002725,ls
30002726,ls
30002727,ls
30002728,ls
30002729,ls
30002730,ls
30002731,hs
30002732,hs
30002733,hs
30002734,hs
30002735,hs
30002736,hs
30002737,hs
30002738,hs
30002739,hs
30002740,hs
30002741,ls
30002742,ls
30002743,hs
30002744,hs
30002745,hs
30002746,hs
30002747,hs
30002748,hs
30002749,hs
30002750,hs
30002751,hs
30002752,hs
30002753,hs
30002754,hs
30002755,hs
30002756,ls
30002757,ls
30002758,ls
30002759,ls
30002760,ls
30002761,hs
30002762,hs
30002763,hs
30002764,hs
30002765,hs
30002766,hs
30002767,ls
30002768,hs
30002769,ls
30002770,ls
30002771,hs
30002772,hs
30002773,hs
30002774,hs
30002775,hs
30002776,hs
30002777,hs
30002778,hs
30002779,hs
30002780,hs
30002781,hs
30002782,hs
30002783,hs
30002784,hs
30002785,hs
30002786,hs
30002787,hs
30002788,hs
30002789,hs
30002790,hs
30002791,hs
30002792,hs
30002793,hs
30002794,hs
30002795,hs
30002796,ls
30002797,hs
30002798,hs
30002799,hs
30002800,hs
30002801,hs
30002802,hs
30002803,hs
30002804,hs
30002805,hs
30002806,ls
30002807,ls
30002808,ls
30002809,ls
30002810,ls
30002811,ls
30002812,ls
30002813,ls
30002814,hs
30002815,hs
30002816,hs
30002817,hs
30002818,hs
30002819,hs
30002820,ns
30002821,ns
30002822,ns
30002823,ns
30002824,ns
30002825,ns
30002826,ns
30002827,ns
30002828,ns
30002829,ns
30002830,ns
30002831,ns
30002832,ns
30002833,ns
30002834,ns
30002835,ns
30002836,ns
30002837,ns
30002838,ns
30002839,ns
30002840,ns
30002841,ns
30002842,ns
30002843,ns
30002844,ns
30002845,ns
30002846,ns
30002847,ns
30002848,ns
30002849,ns
30002850,ns
30002851,ns
30002852,ns
30002853,ns
30002854,ns
30002855,ns
30002856,ns
30002857,ns
30002858,ns
30002859,ns
30002860,ns
30002861,ns
30002862,ns
30002863,ns
30002864,ns
30002865,ns
30002866,ns
30002867,ns
30002868,ns
30002869,ns
30002870,ns
30002871,ns
30002872,ns
30002873,ns
30002874,ns
30002875,ns
30002876,ns
30002877,ns
30002878,ns
30002879,ns
30002880,ns
30002881,ns
30002882,ns
30002883,ns
30002884,ns
30002885,ns
30002886,ns
30002887,ns
30002888,ns
30002889,ns
30002890,ns
30002891,ns
30002892,ns
30002893,ns
30002894,ns
30002895,ns
30002896,ns
30002897,ns
30002898,ns
30002899,ns
30002900,ns
30002901,ns
30002902,ns
30002903,ns
30002904,ns
30002905,ns
30002906,ns
30002907,ns
30002908,ns
30002909,ns
30002910,ns
30002911,ns
30002912,ns
30002913,ns
30002914,ns
30002915,ns
30002916,ns
30002917,ns
30002918,ns
30002919,ns
30002920,ns
30002921,ns
30002922,ns
30002923,ns
30002924,ns
30002925,ns
30002926,ns
30002927,ns
30002928,ns
30002929,ns
30002930,ns
30002931,ns
30002932,ns
30002933,ns
30002934,ns
30002935,ns
30002936,ns
30002937,ns
30002938,ns
30002939,ns
30002940,ns
30002941,ns
30002942,ns
30002943,ns
30002944,ns
30002945,ns
30002946,ns
30002947,ns
30002948,ns
30002949,ns
30002950,ns
30002951,ns
30002952,ns
30002953,ns
30002954,ns
30002955,ns
30002956,ns
30002957,ls
30002958,ls
30002959,ls
30002960,ls
30002961,ls
30002962,ls
30002963,hs
30002964,hs
30002965,hs
30002966,hs
30002967,hs
30002968,hs
30002969,hs
30002970,hs
30002971,hs
30002972,hs
30002973,hs
30002974,hs
30002975,ls
30002976,ls
30002977,ls
30002978,ls
30002979,ls
30002980,ls
30002981,ls
30002982,ls
30002983,ls
30002984,ls
30002985,ls
30002986,hs
30002987,ls
30002988,hs
30002989,hs
30002990,hs
30002991,hs
30002992,hs
30002993,hs
30002994,hs
30002995,hs
30002996,hs
30002997,hs
30002998,hs
30002999,hs
30003000,ls
30003001,hs
30003002,hs
30003003,hs
30003004,hs
30003005,hs
30003006,hs
30003007,hs
30003008,hs
30003009,hs
30003010,hs
30003011,hs
30003012,hs
30003013,hs
30003014,hs
30003015,hs
30003016,hs
30003017,hs
30003018,hs
30003019,hs
30003020,hs
30003021,hs
30003022,ls
30003023,ls
30003024,hs
30003025,hs
30003026,hs
30003027,hs
30003028,hs
30003029,hs
30003030,hs
30003031,hs
30003032,hs
30003033,hs
30003034,hs
30003035,hs
30003036,hs
30003037,hs
30003038,hs
30003039,hs
30003040,hs
30003041,hs
30003042,ls
30003043,hs
30003044,ls
30003045,hs
30003046,hs
30003047,hs
30003048,hs
30003049,hs
30003050,hs
30003051,hs
30003052,hs
30003053,hs
30003054,hs
30003055,hs
30003056,hs
30003057,ls
30003058,hs
30003059,ls
30003060,ls
30003061,ls
30003062,ls
30003063,ls
30003064,hs
30003065,hs
30003066,hs
30003067,ls
30003068,ls
30003069,ls
30003070,ls
30003071,ls
30003072,ls
30003073,hs
30003074,hs
30003075,hs
30003076,hs
30003077,ls
30003078,hs
30003079,ls
30003080,hs
30003081,hs
30003082,hs
30003083,hs
30003084,hs
30003085,hs
30003086,ls
30003087,ls
30003088,ls
30003089,ls
30003090,ls
30003091,ls
30003092,hs
30003093,ls
30003094,hs
30003095,hs
30003096,hs
30003097,hs
30003098,ns
30003099,ns
30003100,ns
30003101,ns
30003102,ns
30003103,ns
30003104,ns
30003105,ns
30003106,ns
30003107,ns
30003108,ns
30003109,ns
30003110,ns
30003111,ns
30003112,ns
30003113,ns
30003114,ns
30003115,ns
30003116,ns
30003117,ns
30003118,ns
30003119,ns
30003120,ns
30003121,ns
30003122,ns
30003123,ns
30003124,ns
30003125,ns
30003126,ns
30003127,ns
30003128,ns
30003129,ns
30003130,ns
30003131,ns
30003132,ns
30003133,ns
30003134,ns
30003135,ns
30003136,ns
30003137,ns
30003138,ns
30003139,ns
30003140,ns
30003141,ns
30003142,ns
30003143,ns
30003144,ns
30003145,ns
30003146,ns
30003147,ns
30003148,ns
30003149,ns
30003150,ns
30003151,ns
30003152,ns
30003153,ns
30003154,ns
30003155,ns
30003156,ns
30003157,ns
30003158,ns
30003159,ns
30003160,ns
30003161,ns
30003162,ns
30003163,ns
30003164,ns
30003165,ns
30003166,ns
30003167,ns
30003168,ns
30003169,ns
30003170,ns
30003171,ns
30003172,ns
30003173,ns
30003174,ns
30003175,ns
30003176,ns
30003177,ns
30003178,ns
30003179,ns
30003180,ns
30003181,ns
30003182,ns
30003183,ns
30003184,ns
30003185,ns
30003186,ns
30003187,ns
30003188,ns
30003189,ns
30003190,ns
30003191,ns
30003192,ns
30003193,ns
30003194,ns
30003195,ns
30003196,ns
30003197,ns
30003198,ns
30003199,ns
30003200,ns
30003201,ns
30003202,ns
30003203,ns
30003204,ns
30003205,ns
30003206,ns
30003207,ns
30003208,ns
30003209,ns
30003210,ns
30003211,ns
30003212,ns
30003213,ns
30003214,ns
30003215,ns
30003216,ns
30003217,ns
30003218,ns
30003219,ns
30003220,ns
30003221,ns
30003222,ns
30003223,ns
30003224,ns
30003225,ns
30003226,ns
30003227,ns
30003228,ns
30003229,ns
30003230,ns
30003231,ns
30003232,ns
30003233,ns
30003234,ns
30003235,ns
30003236,ns
30003237,ns
30003238,ns
30003239,ns
30003240,ns
30003241,ns
30003242,ns
30003243,ns
30003244,ns
30003245,ns
30003246,ns
30003247,ns
30003248,ns
30003249,ns
30003250,ns
30003251,ns
30003252,ns
30003253,ns
30003254,ns
30003255,ns
30003256,ns
30003257,ns
30003258,ns
30003259,ns
30003260,ns
30003261,ns
30003262,ns
30003263,ns
30003264,ns
30003265,ns
30003266,ns
30003267,ns
30003268,ns
30003269,ns
30003270,ns
30003271,ns
30003272,ns
30003273,ns
30003274,ns
30003275,ns
30003276,ns
30003277,ns
30003278,ns
30003279,ns
30003280,ns
30003281,ns
30003282,ns
30003283,ns
30003284,ns
30003285,ns
30003286,ns
30003287,ns
30003288,ns
30003289,ns
30003290,ns
30003291,ns
30003292,ns
30003293,ns
30003294,ns
30003295,ns
30003296,ns
30003297,ns
30003298,ns
30003299,ns
30003300,ns
30003301,ns
30003302,ns
30003303,ns
30003304,ns
30003305,ns
30003306,ns
30003307,ns
30003308,ns
30003309,ns
30003310,ns
30003311,ns
30003312,ns
30003313,ns
30003314,ns
30003315,ns
30003316,ns
30003317,ns
30003318,ns
30003319,ns
30003320,ns
30003321,ns
30003322,ns
30003323,ns
30003324,ns
30003325,ns
30003326,ns
30003327,ns
30003328,ns
30003329,ns
30003330,ns
30003331,ns
30003332,ns
30003333,ns
30003334,ns
30003335,ns
30003336,ns
30003337,ns
30003338,ns
30003339,ns
30003340,ns
30003341,ns
30003342,ns
30003343,ns
30003344,ns
30003345,ns
30003346,ns
30003347,ns
30003348,ns
30003349,ns
30003350,ns
30003351,ns
30003352,ns
30003353,ns
30003354,ns
30003355,ns
30003356,ns
30003357,ns
30003358,ns
30003359,ns
30003360,ns
30003361,ns
30003362,ns
30003363,ns
30003364,ns
30003365,ns
30003366,ns
30003367,ns
30003368,ns
30003369,ns
30003370,ns
30003371,ns
30003372,ns
30003373,ns
30003374,hs
30003375,hs
30003376,hs
30003377,hs
30003378,hs
30003379,hs
30003380,hs
30003381,hs
30003382,hs
30003383,hs
30003384,hs
30003385,hs
30003386,hs
30003387,hs
30003388,hs
30003389,hs
30003390,hs
30003391,hs
30003392,hs
30003393,hs
30003394,hs
30003395,hs
30003396,hs
30003397,hs
30003398,hs
30003399,hs
30003400,hs
30003401,hs
30003402,hs
30003403,hs
30003404,hs
30003405,hs
30003406,hs
30003407,hs
30003408,hs
30003409,hs
30003410,hs
30003411,hs
30003412,hs
30003413,hs
30003414,hs
30003415,hs
30003416,hs
30003417,hs
30003418,hs
30003419,hs
30003420,hs
30003421,hs
30003422,hs
30003423,hs
30003424,ls
30003425,ls
30003426,hs
30003427,hs
30003428,hs
30003429,hs
30003430,hs
30003431,hs
30003432,hs
30003433,hs
30003434,hs
30003435,hs
30003436,hs
30003437,hs
30003438,hs
30003439,hs
30003440,hs
30003441,hs
30003442,hs
30003443,hs
30003444,ls
30003445,hs
30003446,ls
30003447,hs
30003448,hs
30003449,hs
30003450,hs
30003451,hs
30003452,hs
30003453,hs
30003454,hs
30003455,hs
30003456,hs
30003457,hs
30003458,hs
30003459,hs
30003460,ls
30003461,hs
30003462,hs
30003463,hs
30003464,hs
30003465,ls
30003466,ls
30003467,ls
30003468,hs
30003469,hs
30003470,ls
30003471,ls
30003472,hs
30003473,hs
30003474,ls
30003475,ls
30003476,hs
30003477,ls
30003478,ls
30003479,ls
30003480,ls
30003481,ls
30003482,hs
30003483,ls
30003484,ls
30003485,hs
30003486,ls
30003487,hs
30003488,hs
30003489,hs
30003490,hs
30003491,hs
30003492,hs
30003493,hs
30003494,hs
30003495,hs
30003496,hs
30003497,hs
30003498,hs
30003499,ls
30003500,hs
30003501,hs
30003502,hs
30003503,hs
30003504,hs
30003505,hs
30003506,hs
30003507,hs
30003508,hs
30003509,hs
30003510,hs
30003511,hs
30003512,hs
30003513,hs
30003514,hs
30003515,hs
30003516,hs
30003517,hs
30003518,hs
30003519,hs
30003520,hs
30003521,hs
30003522,hs
30003523,hs
30003524,hs
30003525,hs
30003526,hs
30003527,hs
30003528,hs
30003529,hs
30003530,ls
30003531,hs
30003532,hs
30003533,hs
30003534,ls
30003535,hs
30003536,hs
30003537,hs
30003538,hs
30003539,hs
30003540,hs
30003541,ls
30003542,hs
30003543,ls
30003544,ls
30003545,hs
30003546,hs
30003547,hs
30003548,hs
30003549,hs
30003550,hs
30003551,hs
30003552,hs
30003553,hs
30003554,hs
30003555,hs
30003556,ls
30003557,ls
30003558,hs
30003559,ls
30003560,ls
30003561,ls
30003562,ls
30003563,ls
30003564,ls
30003565,ls
30003566,ls
30003567,ls
30003568,ls
30003569,ls
30003570,ls
30003571,ls
30003572,ls
30003573,ls
30003574,hs
30003575,hs
30003576,hs
30003577,hs
30003578,hs
30003579,hs
30003580,hs
30003581,hs
30003582,hs
30003583,hs
30003584,ls
30003585,ls
30003586,hs
30003587,ls
30003588,hs
30003589,hs
30003590,hs
30003591,hs
30003592,hs
30003593,hs
30003594,ls
30003595,ls
30003596,ls
30003597,ls
30003598,ls
30003599,ls
30003600,ls
30003601,ls
30003602,ls
30003603,hs
30003604,hs
30003605,hs
30003606,ls
30003607,ls
30003608,ns
30003609,ns
30003610,ns
30003611,ns
30003612,ns
30003613,ns
30003614,ns
30003615,ns
30003616,ns
30003617,ns
30003618,ns
30003619,ns
30003620,ns
30003621,ns
30003622,ns
30003623,ns
30003624,ns
30003625,ns
30003626,ns
30003627,ns
30003628,ns
30003629,ns
30003630,ns
30003631,ns
30003632,ns
30003633,ns
30003634,ns
30003635,ns
30003636,ns
30003637,ns
30003638,ns
30003639,ns
30003640,ns
30003641,ns
30003642,ns
30003643,ns
30003644,ns
30003645,ns
30003646,ns
30003647,ns
30003648,ns
30003649,ns
30003650,ns
30003651,ns
30003652,ns
30003653,ns
30003654,ns
30003655,ns
30003656,ns
30003657,ns
30003658,ns
30003659,ns
30003660,ns
30003661,ns
30003662,ns
30003663,ns
30003664,ns
30003665,ns
30003666,ns
30003667,ns
30003668,ns
30003669,ns
30003670,ns
30003671,ns
30003672,ns
30003673,ns
30003674,ns
30003675,ns
30003676,ns
30003677,ns
30003678,ns
30003679,ns
30003680,ns
30003681,ns
30003682,ns
30003683,ns
30003684,ns
30003685,ns
30003686,ns
30003687,ns
30003688,ns
30003689,ns
30003690,ns
30003691,ns
30003692,ns
30003693,ns
30003694,ns
30003695,ns
30003696,ns
30003697,ns
30003698,ns
30003699,ns
30003700,ns
30003701,ns
30003702,ns
30003703,ns
30003704,ns
30003705,ns
30003706,ns
30003707,ns
30003708,ns
30003709,ns
30003710,ns
30003711,ns
30003712,ns
30003713,ns
30003714,ns
30003715,ns
30003716,ns
30003717,ns
30003718,ns
30003719,ns
30003720,ns
30003721,ns
30003722,ns
30003723,ns
30003724,ns
30003725,ns
30003726,ns
30003727,ns
30003728,ns
30003729,ns
30003730,ns
30003731,ns
30003732,ns
30003733,ns
30003734,ns
30003735,ns
30003736,ns
30003737,ns
30003738,ns
30003739,ns
30003740,ns
30003741,ns
30003742,ns
30003743,ns
30003744,ns
30003745,ns
30003746,ns
30003747,ns
30003748,ns
30003749,ns
30003750,ns
30003751,ns
30003752,ns
30003753,ns
30003754,ns
30003755,ns
30003756,ns
30003757,ns
30003758,ns
30003759,ns
30003760,ns
30003761,ns
30003762,ns
30003763,ns
30003764,ns
30003765,ns
30003766,ns
30003767,ns
30003768,ns
30003769,ns
30003770,ns
30003771,ns
30003772,ns
30003773,ns
30003774,ns
30003775,ns
30003776,ns
30003777,ns
30003778,ns
30003779,ns
30003780,ns
30003781,ns
30003782,ns
30003783,ns
30003784,ns
30003785,ns
30003786,ns
30003787,ls
30003788,ls
30003789,ls
30003790,ls
30003791,ls
30003792,ls
30003793,ls
30003794,hs
30003795,ls
30003796,ls
30003797,ls
30003798,hs
30003799,ls
30003800,ls
30003801,ls
30003802,ls
30003803,ls
30003804,ls
30003805,ls
30003806,ls
30003807,ls
30003808,ls
30003809,hs
30003810,hs
30003811,hs
30003812,hs
30003813,hs
30003814,hs
30003815,hs
30003816,hs
30003817,hs
30003818,ls
30003819,ls
30003820,ls
30003821,ls
30003822,ls
30003823,ls
30003824,hs
30003825,ls
30003826,ls
30003827,ls
30003828,ls
30003829,ls
30003830,hs
30003831,hs
30003832,hs
30003833,ls
30003834,ls
30003835,ls
30003836,ls
30003837,ls
30003838,ls
30003839,ls
30003840,ls
30003841,ls
30003842,ls
30003843,ls
30003844,ls
30003845,ls
30003846,ls
30003847,ls
30003848,ls
30003849,ls
30003850,ls
30003851,ls
30003852,ls
30003853,ls
30003854,ls
30003855,ls
30003856,ls
30003857,ls
30003858,hs
30003859,hs
30003860,hs
30003861,hs
30003862,hs
30003863,hs
30003864,hs
30003865,hs
30003866,hs
30003867,hs
30003868,hs
30003869,hs
30003870,hs
30003871,hs
30003872,hs
30003873,hs
30003874,hs
30003875,hs
30003876,hs
30003877,hs
30003878,hs
30003879,hs
30003880,hs
30003881,hs
30003882,hs
30003883,hs
30003884,ls
30003885,hs
30003886,ls
30003887,ls
30003888,hs
30003889,hs
30003890,hs
30003891,hs
30003892,ls
30003893,hs
30003894,hs
30003895,hs
30003896,ls
30003897,ls
30003898,ls
30003899,ls
30003900,ls
30003901,ls
30003902,ls
30003903,hs
30003904,hs
30003905,ls
30003906,hs
30003907,ls
30003908,hs
30003909,hs
30003910,hs
30003911,hs
30003912,hs
30003913,hs
30003914,hs
30003915,hs
30003916,ls
30003917,ls
30003918,ls
30003919,ls
30003920,ls
30003921,ls
30003922,ls
30003923,ls
30003924,ls
30003925,ls
30003926,ls
30003927,ls
30003928,ls
30003929,ls
30003930,ls
30003931,ls
30003932,ls
30003933,ls
30003934,ls
30003935,ls
30003936,ls
30003937,ls
30003938,ls
30003939,ls
30003940,ls
30003941,ls
30003942,ns
30003943,ns
30003944,ns
30003945,ns
30003946,ns
30003947,ns
30003948,ns
30003949,ns
30003950,ns
30003951,ns
30003952,ns
30003953,ns
30003954,ns
30003955,ns
30003956,ns
30003957,ns
30003958,ns
30003959,ns
30003960,ns
30003961,ns
30003962,ns
30003963,ns
30003964,ns
30003965,ns
30003966,ns
30003967,ns
30003968,ns
30003969,ns
30003970,ns
30003971,ns
30003972,ns
30003973,ns
30003974,ns
30003975,ns
30003976,ns
30003977,ns
30003978,ns
30003979,ns
30003980,ns
30003981,ns
30003982,ns
30003983,ns
30003984,ns
30003985,ns
30003986,ns
30003987,ns
30003988,ns
30003989,ns
30003990,ns
30003991,ns
30003992,ns
30003993,ns
30003994,ns
30003995,ns
30003996,ns
30003997,ns
30003998,ns
30003999,ns
30004000,ns
30004001,ns
30004002,ns
30004003,ns
30004004,ns
30004005,ns
30004006,ns
30004007,ns
30004008,ns
30004009,ns
30004010,ns
30004011,ns
30004012,ns
30004013,ns
30004014,ns
30004015,ns
30004016,ns
30004017,ns
30004018,ns
30004019,ns
30004020,ns
30004021,ns
30004022,ns
30004023,ns
30004024,ns
30004025,ns
30004026,ns
30004027,ns
30004028,ns
30004029,ns
30004030,ns
30004031,ns
30004032,ns
30004033,ns
30004034,ns
30004035,ns
30004036,ns
30004037,ns
30004038,ns
30004039,ns
30004040,ns
30004041,ns
30004042,ns
30004043,ns
30004044,ns
30004045,ns
30004046,ns
30004047,ns
30004048,ns
30004049,ns
30004050,ns
30004051,ns
30004052,ns
30004053,ns
30004054,ns
30004055,ns
30004056,ns
30004057,ns
30004058,ns
30004059,ns
30004060,ns
30004061,ns
30004062,ns
30004063,ns
30004064,ns
30004065,ns
30004066,ns
30004067,ns
30004068,ns
30004069,ns
30004070,ns
30004071,ns
30004072,ns
30004073,ns
30004074,ns
30004075,ns
30004076,ns
30004077,hs
30004078,hs
30004079,hs
30004080,hs
30004081,hs
30004082,hs
30004083,hs
30004084,hs
30004085,hs
30004086,hs
30004087,hs
30004088,hs
30004089,hs
30004090,hs
30004091,hs
30004092,hs
30004093,hs
30004094,hs
30004095,hs
30004096,hs
30004097,hs
30004098,hs
30004099,hs
30004100,hs
30004101,hs
30004102,hs
30004103,hs
30004104,ls
30004105,ls
30004106,ls
30004107,hs
30004108,ls
30004109,ls
30004110,hs
30004111,hs
30004112,hs
30004113,hs
30004114,hs
30004115,hs
30004116,hs
30004117,ls
30004118,ls
30004119,ls
30004120,ls
30004121,ls
30004122,hs
30004123,hs
30004124,hs
30004125,hs
30004126,hs
30004127,hs
30004128,hs
30004129,hs
30004130,hs
30004131,hs
30004132,hs
30004133,hs
30004134,hs
30004135,hs
30004136,ls
30004137,ls
30004138,ls
30004139,ls
30004140,ls
30004141,ls
30004142,hs
30004143,hs
30004144,hs
30004145,hs
30004146,hs
30004147,hs
30004148,hs
30004149,hs
30004150,hs
30004151,hs
30004152,hs
30004153,hs
30004154,hs
30004155,hs
30004156,hs
30004157,hs
30004158,hs
30004159,hs
30004160,hs
30004161,ns
30004162,ns
30004163,ns
30004164,ns
30004165,ns
30004166,ns
30004167,ns
30004168,ns
30004169,ns
30004170,ns
30004171,ns
30004172,ns
30004173,ns
30004174,ns
30004175,ns
30004176,ns
30004177,ns
30004178,ns
30004179,ns
30004180,ns
30004181,ns
30004182,ns
30004183,ns
30004184,ns
30004185,ns
30004186,ns
30004187,ns
30004188,ns
30004189,ns
30004190,ns
30004191,ns
30004192,ns
30004193,ns
30004194,ns
30004195,ns
30004196,ns
30004197,ns
30004198,ns
30004199,ns
30004200,ns
30004201,ns
30004202,ns
30004203,ns
30004204,ns
30004205,ns
30004206,ns
30004207,ns
30004208,ns
30004209,ns
30004210,ns
30004211,ns
30004212,ns
30004213,ns
30004214,ns
30004215,ns
30004216,ns
30004217,ns
30004218,ns
30004219,ns
30004220,ns
30004221,ns
30004222,ns
30004223,ns
30004224,ns
30004225,ns
30004226,ns
30004227,ns
30004228,ns
30004229,ns
30004230,ls
30004231,ls
30004232,ls
30004233,ls
30004234,ls
30004235,ls
30004236,ls
30004237,ls
30004238,ls
30004239,ls
30004240,ls
30004241,ls
30004242,ls
30004243,ls
30004244,ls
30004245,ls
30004246,ls
30004247,ls
30004248,hs
30004249,hs
30004250,hs
30004251,hs
30004252,hs
30004253,hs
30004254,ls
30004255,ls
30004256,ls
30004257,ls
30004258,ls
30004259,ls
30004260,ls
30004261,ls
30004262,ls
30004263,ls
30004264,ls
30004265,ls
30004266,ls
30004267,ls
30004268,hs
30004269,ls
30004270,hs
30004271,ls
30004272,ls
30004273,ls
30004274,ls
30004275,ls
30004276,ls
30004277,ls
30004278,ls
30004279,ls
30004280,ls
30004281,ls
30004282,ls
30004283,ls
30004284,ls
30004285,ls
30004286,ls
30004287,ls
30004288,ls
30004289,ls
30004290,hs
30004291,ls
30004292,ls
30004293,ls
30004294,ls
30004295,hs
30004296,ls
30004297,ls
30004298,ls
30004299,ls
30004300,ls
30004301,ls
30004302,ls
30004303,ls
30004304,ls
30004305,ls
30004306,ls
30004307,ls
30004308,ls
30004309,ls
30004310,ns
30004311,ns
30004312,ns
30004313,ns
30004314,ns
30004315,ns
30004316,ns
30004317,ns
30004318,ns
30004319,ns
30004320,ns
30004321,ns
30004322,ns
30004323,ns
30004324,ns
30004325,ns
30004326,ns
30004327,ns
30004328,ns
30004329,ns
30004330,ns
30004331,ns
30004332,ns
30004333,ns
30004334,ns
30004335,ns
30004336,ns
30004337,ns
30004338,ns
30004339,ns
30004340,ns
30004341,ns
30004342,ns
30004343,ns
30004344,ns
30004345,ns
30004346,ns
30004347,ns
30004348,ns
30004349,ns
30004350,ns
30004351,ns
30004352,ns
30004353,ns
30004354,ns
30004355,ns
30004356,ns
30004357,ns
30004358,ns
30004359,ns
30004360,ns
30004361,ns
30004362,ns
30004363,ns
30004364,ns
30004365,ns
30004366,ns
30004367,ns
30004368,ns
30004369,ns
30004370,ns
30004371,ns
30004372,ns
30004373,ns
30004374,ns
30004375,ns
30004376,ns
30004377,ns
30004378,ns
30004379,ns
30004380,ns
30004381,ns
30004382,ns
30004383,ns
30004384,ns
30004385,ns
30004386,ns
30004387,ns
30004388,ns
30004389,ns
30004390,ns
30004391,ns
30004392,ns
30004393,ns
30004394,ns
30004395,ns
30004396,ns
30004397,ns
30004398,ns
30004399,ns
30004400,ns
30004401,ns
30004402,ns
30004403,ns
30004404,ns
30004405,ns
30004406,ns
30004407,ns
30004408,ns
30004409,ns
30004410,ns
30004411,ns
30004412,ns
30004413,ns
30004414,ns
30004415,ns
30004416,ns
30004417,ns
30004418,ns
30004419,ns
30004420,ns
30004421,ns
30004422,ns
30004423,ns
30004424,ns
30004425,ns
30004426,ns
30004427,ns
30004428,ns
30004429,ns
30004430,ns
30004431,ns
30004432,ns
30004433,ns
30004434,ns
30004435,ns
30004436,ns
30004437,ns
30004438,ns
30004439,ns
30004440,ns
30004441,ns
30004442,ns
30004443,ns
30004444,ns
30004445,ns
30004446,ns
30004447,ns
30004448,ns
30004449,ns
30004450,ns
30004451,ns
30004452,ns
30004453,ns
30004454,ns
30004455,ns
30004456,ns
30004457,ns
30004458,ns
30004459,ns
30004460,ns
30004461,ns
30004462,ns
30004463,ns
30004464,ns
30004465,ns
30004466,ns
30004467,ns
30004468,ns
30004469,ns
30004470,ns
30004471,ns
30004472,ns
30004473,ns
30004474,ns
30004475,ns
30004476,ns
30004477,ns
30004478,ns
30004479,ns
30004480,ns
30004481,ns
30004482,ns
30004483,ns
30004484,ns
30004485,ns
30004486,ns
30004487,ns
30004488,ns
30004489,ns
30004490,ns
30004491,ns
30004492,ns
30004493,ns
30004494,ns
30004495,ns
30004496,ns
30004497,ns
30004498,ns
30004499,ns
30004500,ns
30004501,ns
30004502,ns
30004503,ns
30004504,ns
30004505,ns
30004506,ns
30004507,ns
30004508,ns
30004509,ns
30004510,ns
30004511,ns
30004512,ns
30004513,ns
30004514,ns
30004515,ns
30004516,ns
30004517,ns
30004518,ns
30004519,ns
30004520,ns
30004521,ns
30004522,ns
30004523,ns
30004524,ns
30004525,ns
30004526,ns
30004527,ns
30004528,ns
30004529,ns
30004530,ns
30004531,ns
30004532,ns
30004533,ns
30004534,ns
30004535,ns
30004536,ns
30004537,ns
30004538,ns
30004539,ns
30004540,ns
30004541,ns
30004542,ns
30004543,ns
30004544,ns
30004545,ns
30004546,ns
30004547,ns
30004548,ns
30004549,ns
30004550,ns
30004551,ns
30004552,ns
30004553,ns
30004554,ns
30004555,ns
30004556,ns
30004557,ns
30004558,ns
30004559,ns
30004560,ns
30004561,ns
30004562,ns
30004563,ns
30004564,ns
30004565,ns
30004566,ns
30004567,ns
30004568,ns
30004569,ns
30004570,ns
30004571,ns
30004572,ns
30004573,ns
30004574,ns
30004575,ns
30004576,ns
30004577,ns
30004578,ns
30004579,ns
30004580,ns
30004581,ns
30004582,ns
30004583,ns
30004584,ns
30004585,ns
30004586,ns
30004587,ns
30004588,ns
30004589,ns
30004590,ns
30004591,ns
30004592,ns
30004593,ns
30004594,ns
30004595,ns
30004596,ns
30004597,ns
30004598,ns
30004599,ns
30004600,ns
30004601,ns
30004602,ns
30004603,ns
30004604,ns
30004605,ns
30004606,ns
30004607,ns
30004608,ns
30004609,ns
30004610,ns
30004611,ns
30004612,ns
30004613,ns
30004614,ns
30004615,ns
30004616,ns
30004617,ns
30004618,ns
30004619,ns
30004620,ns
30004621,ns
30004622,ns
30004623,ns
30004624,ns
30004625,ns
30004626,ns
30004627,ns
30004628,ns
30004629,ns
30004630,ns
30004631,ns
30004632,ns
30004633,ns
30004634,ns
30004635,ns
30004636,ns
30004637,ns
30004638,ns
30004639,ns
30004640,ns
30004641,ns
30004642,ns
30004643,ns
30004644,ns
30004645,ns
30004646,ns
30004647,ns
30004648,ns
30004649,ns
30004650,ns
30004651,ns
30004652,ns
30004653,ns
30004654,ns
30004655,ns
30004656,ns
30004657,ns
30004658,ns
30004659,ns
30004660,ns
30004661,ns
30004662,ns
30004663,ns
30004664,ns
30004665,ns
30004666,ns
30004667,ns
30004668,ns
30004669,ns
30004670,ns
30004671,ns
30004672,ns
30004673,ns
30004674,ns
30004675,ns
30004676,ns
30004677,ns
30004678,ns
30004679,ns
30004680,ns
30004681,ns
30004682,ns
30004683,ns
30004684,ns
30004685,ns
30004686,ns
30004687,ns
30004688,ns
30004689,ns
30004690,ns
30004691,ns
30004692,ns
30004693,ns
30004694,ns
30004695,ns
30004696,ns
30004697,ns
30004698,ns
30004699,ns
30004700,ns
30004701,ns
30004702,ns
30004703,ns
30004704,ns
30004705,ns
30004706,ns
30004707,ns
30004708,ns
30004709,ns
30004710,ns
30004711,ns
30004712,ns
30004713,ns
30004714,ns
30004715,ns
30004716,ns
30004717,ns
30004718,ns
30004719,ns
30004720,ns
30004721,ns
30004722,ns
30004723,ns
30004724,ns
30004725,ns
30004726,ns
30004727,ns
30004728,ns
30004729,ns
30004730,ns
30004731,ns
30004732,ns
30004733,ns
30004734,ns
30004735,ns
30004736,ns
30004737,ns
30004738,ns
30004739,ns
30004740,ns
30004741,ns
30004742,ns
30004743,ns
30004744,ns
30004745,ns
30004746,ns
30004747,ns
30004748,ns
30004749,ns
30004750,ns
30004751,ns
30004752,ns
30004753,ns
30004754,ns
30004755,ns
30004756,ns
30004757,ns
30004758,ns
30004759,ns
30004760,ns
30004761,ns
30004762,ns
30004763,ns
30004764,ns
30004765,ns
30004766,ns
30004767,ns
30004768,ns
30004769,ns
30004770,ns
30004771,ns
30004772,ns
30004773,ns
30004774,ns
30004775,ns
30004776,ns
30004777,ns
30004778,ns
30004779,ns
30004780,ns
30004781,ns
30004782,ns
30004783,ns
30004784,ns
30004785,ns
30004786,ns
30004787,ns
30004788,ns
30004789,ns
30004790,ns
30004791,ns
30004792,ns
30004793,ns
30004794,ns
30004795,ns
30004796,ns
30004797,ns
30004798,ns
30004799,ns
30004800,ns
30004801,ns
30004802,ns
30004803,ns
30004804,ns
30004805,ns
30004806,ns
30004807,ns
30004808,ns
30004809,ns
30004810,ns
30004811,ns
30004812,ns
30004813,ns
30004814,ns
30004815,ns
30004816,ns
30004817,ns
30004818,ns
30004819,ns
30004820,ns
30004821,ns
30004822,ns
30004823,ns
30004824,ns
30004825,ns
30004826,ns
30004827,ns
30004828,ns
30004829,ns
30004830,ns
30004831,ns
30004832,ns
30004833,ns
30004834,ns
30004835,ns
30004836,ns
30004837,ns
30004838,ns
30004839,ns
30004840,ns
30004841,ns
30004842,ns
30004843,ns
30004844,ns
30004845,ns
30004846,ns
30004847,ns
30004848,ns
30004849,ns
30004850,ns
30004851,ns
30004852,ns
30004853,ns
30004854,ns
30004855,ns
30004856,ns
30004857,ns
30004858,ns
30004859,ns
30004860,ns
30004861,ns
30004862,ns
30004863,ns
30004864,ns
30004865,ns
30004866,ns
30004867,ns
30004868,ns
30004869,ns
30004870,ns
30004871,ns
30004872,ns
30004873,ns
30004874,ns
30004875,ns
30004876,ns
30004877,ns
30004878,ns
30004879,ns
30004880,ns
30004881,ns
30004882,ns
30004883,ns
30004884,ns
30004885,ns
30004886,ns
30004887,ns
30004888,ns
30004889,ns
30004890,ns
30004891,ns
30004892,ns
30004893,ns
30004894,ns
30004895,ns
30004896,ns
30004897,ns
30004898,ns
30004899,ns
30004900,ns
30004901,ns
30004902,ns
30004903,ns
30004904,ns
30004905,ns
30004906,ns
30004907,ns
30004908,ns
30004909,ns
30004910,ns
30004911,ns
30004912,ns
30004913,ns
30004914,ns
30004915,ns
30004916,ns
30004917,ns
30004918,ns
30004919,ns
30004920,ns
30004921,ns
30004922,ns
30004923,ns
30004924,ns
30004925,ns
30004926,ns
30004927,ns
30004928,ns
30004929,ns
30004930,ns
30004931,ns
30004932,ns
30004933,ns
30004934,ns
30004935,ns
30004936,ns
30004937,ns
30004938,ns
30004939,ns
30004940,ns
30004941,ns
30004942,ns
30004943,ns
30004944,ns
30004945,ns
30004946,ns
30004947,ns
30004948,ns
30004949,ns
30004950,ns
30004951,ns
30004952,ns
30004953,ns
30004954,ns
30004955,ns
30004956,ns
30004957,ns
30004958,ns
30004959,ns
30004960,ns
30004961,ns
30004962,ns
30004963,ns
30004964,ns
30004965,ns
30004966,ns
30004967,hs
30004968,hs
30004969,hs
30004970,hs
30004971,hs
30004972,hs
30004973,hs
30004974,hs
30004975,hs
30004976,hs
30004977,ls
30004978,hs
30004979,ls
30004980,ls
30004981,hs
30004982,ls
30004983,hs
30004984,ls
30004985,ls
30004986,ls
30004987,hs
30004988,ls
30004989,hs
30004990,ls
30004991,ls
30004992,ls
30004993,hs
30004994,hs
30004995,hs
30004996,ls
30004997,ls
30004998,ls
30004999,ls
30005000,ls
30005001,hs
30005002,hs
30005003,ls
30005004,hs
30005005,hs
30005006,hs
30005007,ls
30005008,ls
30005009,hs
30005010,ls
30005011,hs
30005012,ls
30005013,hs
30005014,ls
30005015,hs
30005016,hs
30005017,hs
30005018,hs
30005019,hs
30005020,ls
30005021,hs
30005022,ls
30005023,hs
30005024,hs
30005025,hs
30005026,hs
30005027,hs
30005028,hs
30005029,hs
30005030,ls
30005031,ls
30005032,ls
30005033,ls
30005034,ls
30005035,ls
30005036,hs
30005037,hs
30005038,hs
30005039,hs
30005040,hs
30005041,hs
30005042,hs
30005043,hs
30005044,hs
30005045,hs
30005046,hs
30005047,hs
30005048,hs
30005049,hs
30005050,hs
30005051,hs
30005052,hs
30005053,hs
30005054,hs
30005055,hs
30005056,hs
30005057,hs
30005058,hs
30005059,hs
30005060,hs
30005061,ls
30005062,ls
30005063,ls
30005064,ls
30005065,ls
30005066,ls
30005067,ls
30005068,ls
30005069,hs
30005070,hs
30005071,hs
30005072,ls
30005073,ls
30005074,ls
30005075,hs
30005076,hs
30005077,ls
30005078,hs
30005079,ls
30005080,ls
30005081,hs
30005082,ls
30005083,ls
30005084,ls
30005085,ls
30005086,ls
30005087,ls
30005088,ns
30005089,ns
30005090,ns
30005091,ns
30005092,ns
30005093,ns
30005094,ns
30005095,ns
30005096,ns
30005097,ns
30005098,ns
30005099,ns
30005100,ns
30005101,ns
30005102,ns
30005103,ns
30005104,ns
30005105,ns
30005106,ns
30005107,ns
30005108,ns
30005109,ns
30005110,ns
30005111,ns
30005112,ns
30005113,ns
30005114,ns
30005115,ns
30005116,ns
30005117,ns
30005118,ns
30005119,ns
30005120,ns
30005121,ns
30005122,ns
30005123,ns
30005124,ns
30005125,ns
30005126,ns
30005127,ns
30005128,ns
30005129,ns
30005130,ns
30005131,ns
30005132,ns
30005133,ns
30005134,ns
30005135,ns
30005136,ns
30005137,ns
30005138,ns
30005139,ns
30005140,ns
30005141,ns
30005142,ns
30005143,ns
30005144,ns
30005145,ns
30005146,ns
30005147,ns
30005148,ns
30005149,ns
30005150,ns
30005151,ns
30005152,ns
30005153,ns
30005154,ns
30005155,ns
30005156,ns
30005157,ns
30005158,ns
30005159,ns
30005160,ns
30005161,ns
30005162,ns
30005163,ns
30005164,ns
30005165,ns
30005166,ns
30005167,ns
30005168,ns
30005169,ns
30005170,ns
30005171,ns
30005172,ns
30005173,ns
30005174,ns
30005175,ns
30005176,ns
30005177,ns
30005178,ns
30005179,ns
30005180,ns
30005181,ns
30005182,ns
30005183,ns
30005184,ns
30005185,ns
30005186,ns
30005187,ns
30005188,ns
30005189,ns
30005190,ns
30005191,ns
30005192,hs
30005193,hs
30005194,hs
30005195,ls
30005196,ls
30005197,hs
30005198,hs
30005199,hs
30005200,hs
30005201,hs
30005202,hs
30005203,hs
30005204,hs
30005205,hs
30005206,hs
30005207,ls
30005208,ls
30005209,hs
30005210,ls
30005211,ls
30005212,ls
30005213,ls
30005214,hs
30005215,hs
30005216,hs
30005217,hs
30005218,hs
30005219,hs
30005220,hs
30005221,hs
30005222,hs
30005223,hs
30005224,ls
30005225,ls
30005226,ls
30005227,hs
30005228,ls
30005229,hs
30005230,hs
30005231,hs
30005232,hs
30005233,ls
30005234,ls
30005235,hs
30005236,ls
30005237,ls
30005238,ls
30005239,ls
30005240,ls
30005241,ls
30005242,ls
30005243,hs
30005244,hs
30005245,hs
30005246,hs
30005247,hs
30005248,hs
30005249,hs
30005250,hs
30005251,hs
30005252,hs
30005253,hs
30005254,hs
30005255,ls
30005256,ls
30005257,ls
30005258,ls
30005259,ls
30005260,ls
30005261,ls
30005262,ls
30005263,ls
30005264,ls
30005265,ls
30005266,ls
30005267,hs
30005268,ls
30005269,hs
30005270,ls
30005271,ls
30005272,ls
30005273,ls
30005274,ls
30005275,ls
30005276,ls
30005277,ls
30005278,ls
30005279,ls
30005280,ls
30005281,ls
30005282,ls
30005283,ls
30005284,ls
30005285,ls
30005286,ls
30005287,ls
30005288,hs
30005289,hs
30005290,hs
30005291,hs
30005292,hs
30005293,hs
30005294,hs
30005295,ls
30005296,ls
30005297,ls
30005298,ls
30005299,ls
30005300,ls
30005301,hs
30005302,hs
30005303,hs
30005304,hs
30005305,hs
30005306,hs
30005307,hs
30005308,hs
30005309,hs
30005310,hs
30005311,hs
30005312,hs
30005313,hs
30005314,hs
30005315,hs
30005316,hs
30005317,hs
30005318,hs
30005319,hs
30005320,ls
30005321,ls
30005322,hs
30005323,hs
30005324,hs
30005325,hs
30005326,hs
30005327,hs
30005328,ls
30005329,ls
30005330,hs
30005331,hs
30005332,hs
30005333,hs
30005334,hs
30010141,hs
30011392,hs
30011407,hs
30011672,hs
30012505,hs
30012547,hs
30012715,hs
30013410,hs
30013489,hs
30014971,hs
30015042,hs
30015305,hs
30020141,hs
30021392,hs
30021407,hs
30021672,hs
30022505,hs
30022547,hs
30022715,hs
30023410,hs
30023489,hs
30024971,hs
30025042,hs
30025305,hs
30030141,hs
30031392,hs
30031407,hs
30031672,hs
30032505,hs
30032547,hs
30032715,hs
30033410,hs
30033489,hs
30034971,hs
30035042,hs
30035305,hs
30040141,hs
30041392,hs
30041407,hs
30041672,hs
30042505,hs
30042547,hs
30042715,hs
30043410,hs
30043489,hs
30044971,hs
30045042,hs
30045305,hs
30045306,ls
30045307,ls
30045308,ls
30045309,ls
30045310,ls
30045311,ls
30045312,ls
30045313,ls
30045314,ls
30045315,ls
30045316,ls
30045317,ls
30045318,ls
30045319,ls
30045320,ls
30045321,hs
30045322,hs
30045323,hs
30045324,hs
30045325,hs
30045326,hs
30045327,hs
30045328,hs
30045329,hs
30045330,ls
30045331,ls
30045332,ls
30045333,ls
30045334,ls
30045335,ls
30045336,ls
30045337,ls
30045338,ls
30045339,ls
30045340,ls
30045341,ls
30045342,ls
30045343,ls
30045344,ls
30045345,ls
30045346,ls
30045347,ls
30045348,ls
30045349,ls
30045350,ls
30045351,ls
30045352,ls
30045353,ls
30045354,ls
31000001,c14
31000002,c15
31000003,c16
31000004,c17
31000005,c12
31000006,c18
31000007,c1
31000008,c1
31000009,c1
31000010,c1
31000011,c1
31000012,c1
31000013,c1
31000014,c1
31000015,c1
31000016,c1
31000017,c1
31000018,c1
31000019,c1
31000020,c1
31000021,c1
31000022,c1
31000023,c1
31000024,c1
31000025,c1
31000026,c1
31000027,c1
31000028,c1
31000029,c1
31000030,c1
31000031,c1
31000032,c1
31000033,c1
31000034,c1
31000035,c1
31000036,c1
31000037,c1
31000038,c1
31000039,c1
31000040,c1
31000041,c1
31000042,c1
31000043,c1
31000044,c1
31000045,c1
31000046,c1
31000047,c1
31000048,c1
31000049,c1
31000050,c1
31000051,c1
31000052,c1
31000053,c1
31000054,c1
31000055,c1
31000056,c1
31000057,c1
31000058,c1
31000059,c1
31000060,c1
31000061,c1
31000062,c1
31000063,c1
31000064,c1
31000065,c1
31000066,c1
31000067,c1
31000068,c1
31000069,c1
31000070,c1
31000071,c1
31000072,c1
31000073,c1
31000074,c1
31000075,c1
31000076,c1
31000077,c1
31000078,c1
31000079,c1
31000080,c1
31000081,c1
31000082,c1
31000083,c1
31000084,c1
31000085,c1
31000086,c1
31000087,c1
31000088,c1
31000089,c1
31000090,c1
31000091,c1
31000092,c1
31000093,c1
31000094,c1
31000095,c1
31000096,c1
31000097,c1
31000098,c1
31000099,c1
31000100,c1
31000101,c1
31000102,c1
31000103,c1
31000104,c1
31000105,c1
31000106,c1
31000107,c1
31000108,c1
31000109,c1
31000110,c1
31000111,c1
31000112,c1
31000113,c1
31000114,c1
31000115,c1
31000116,c1
31000117,c1
31000118,c1
31000119,c1
31000120,c1
31000121,c1
31000122,c1
31000123,c1
31000124,c1
31000125,c1
31000126,c1
31000127,c1
31000128,c1
31000129,c1
31000130,c1
31000131,c1
31000132,c1
31000133,c1
31000134,c1
31000135,c1
31000136,c1
31000137,c1
31000138,c1
31000139,c1
31000140,c1
31000141,c1
31000142,c1
31000143,c1
31000144,c1
31000145,c1
31000146,c1
31000147,c1
31000148,c1
31000149,c1
31000150,c1
31000151,c1
31000152,c1
31000153,c1
31000154,c1
31000155,c1
31000156,c1
31000157,c1
31000158,c1
31000159,c1
31000160,c1
31000161,c1
31000162,c1
31000163,c1
31000164,c1
31000165,c1
31000166,c1
31000167,c1
31000168,c1
31000169,c1
31000170,c1
31000171,c1
31000172,c1
31000173,c1
31000174,c1
31000175,c1
31000176,c1
31000177,c1
31000178,c1
31000179,c1
31000180,c1
31000181,c1
31000182,c1
31000183,c1
31000184,c1
31000185,c1
31000186,c1
31000187,c1
31000188,c1
31000189,c1
31000190,c1
31000191,c1
31000192,c1
31000193,c1
31000194,c1
31000195,c1
31000196,c1
31000197,c1
31000198,c1
31000199,c1
31000200,c1
31000201,c1
31000202,c1
31000203,c1
31000204,c1
31000205,c1
31000206,c1
31000207,c1
31000208,c1
31000209,c1
31000210,c1
31000211,c1
31000212,c1
31000213,c1
31000214,c1
31000215,c1
31000216,c1
31000217,c1
31000218,c1
31000219,c1
31000220,c1
31000221,c1
31000222,c1
31000223,c1
31000224,c1
31000225,c1
31000226,c1
31000227,c1
31000228,c1
31000229,c1
31000230,c1
31000231,c1
31000232,c1
31000233,c1
31000234,c1
31000235,c1
31000236,c1
31000237,c1
31000238,c1
31000239,c1
31000240,c1
31000241,c1
31000242,c1
31000243,c1
31000244,c1
31000245,c1
31000246,c1
31000247,c1
31000248,c1
31000249,c1
31000250,c1
31000251,c1
31000252,c1
31000253,c1
31000254,c1
31000255,c1
31000256,c1
31000257,c1
31000258,c1
31000259,c1
31000260,c1
31000261,c1
31000262,c1
31000263,c1
31000264,c1
31000265,c1
31000266,c1
31000267,c1
31000268,c1
31000269,c1
31000270,c1
31000271,c1
31000272,c1
31000273,c1
31000274,c1
31000275,c1
31000276,c1
31000277,c1
31000278,c1
31000279,c1
31000280,c1
31000281,c1
31000282,c1
31000283,c1
31000284,c1
31000285,c1
31000286,c1
31000287,c1
31000288,c1
31000289,c1
31000290,c1
31000291,c1
31000292,c1
31000293,c1
31000294,c1
31000295,c1
31000296,c1
31000297,c1
31000298,c1
31000299,c1
31000300,c1
31000301,c1
31000302,c1
31000303,c1
31000304,c1
31000305,c1
31000306,c1
31000307,c1
31000308,c1
31000309,c1
31000310,c1
31000311,c1
31000312,c1
31000313,c1
31000314,c1
31000315,c1
31000316,c1
31000317,c1
31000318,c1
31000319,c1
31000320,c1
31000321,c1
31000322,c1
31000323,c1
31000324,c1
31000325,c1
31000326,c1
31000327,c1
31000328,c1
31000329,c1
31000330,c1
31000331,c1
31000332,c1
31000333,c1
31000334,c1
31000335,c1
31000336,c1
31000337,c1
31000338,c1
31000339,c1
31000340,c1
31000341,c1
31000342,c1
31000343,c1
31000344,c1
31000345,c1
31000346,c1
31000347,c1
31000348,c1
31000349,c1
31000350,c1
31000351,c1
31000352,c1
31000353,c1
31000354,c1
31000355,c2
31000356,c2
31000357,c2
31000358,c2
31000359,c2
31000360,c2
31000361,c2
31000362,c2
31000363,c2
31000364,c2
31000365,c2
31000366,c2
31000367,c2
31000368,c2
31000369,c2
31000370,c2
31000371,c2
31000372,c2
31000373,c2
31000374,c2
31000375,c2
31000376,c2
31000377,c2
31000378,c2
31000379,c2
31000380,c2
31000381,c2
31000382,c2
31000383,c2
31000384,c2
31000385,c2
31000386,c2
31000387,c2
31000388,c2
31000389,c2
31000390,c2
31000391,c2
31000392,c2
31000393,c2
31000394,c2
31000395,c2
31000396,c2
31000397,c2
31000398,c2
31000399,c2
31000400,c2
31000401,c2
31000402,c2
31000403,c2
31000404,c2
31000405,c2
31000406,c2
31000407,c2
31000408,c2
31000409,c2
31000410,c2
31000411,c2
31000412,c2
31000413,c2
31000414,c2
31000415,c2
31000416,c2
31000417,c2
31000418,c2
31000419,c2
31000420,c2
31000421,c2
31000422,c2
31000423,c2
31000424,c2
31000425,c2
31000426,c2
31000427,c2
31000428,c2
31000429,c2
31000430,c2
31000431,c2
31000432,c2
31000433,c2
31000434,c2
31000435,c2
31000436,c2
31000437,c2
31000438,c2
31000439,c2
31000440,c2
31000441,c2
31000442,c2
31000443,c2
31000444,c2
31000445,c2
31000446,c2
31000447,c2
31000448,c2
31000449,c2
31000450,c2
31000451,c2
31000452,c2
31000453,c2
31000454,c2
31000455,c2
31000456,c2
31000457,c2
31000458,c2
31000459,c2
31000460,c2
31000461,c2
31000462,c2
31000463,c2
31000464,c2
31000465,c2
31000466,c2
31000467,c2
31000468,c2
31000469,c2
31000470,c2
31000471,c2
31000472,c2
31000473,c2
31000474,c2
31000475,c2
31000476,c2
31000477,c2
31000478,c2
31000479,c2
31000480,c2
31000481,c2
31000482,c2
31000483,c2
31000484,c2
31000485,c2
31000486,c2
31000487,c2
31000488,c2
31000489,c2
31000490,c2
31000491,c2
31000492,c2
31000493,c2
31000494,c2
31000495,c2
31000496,c2
31000497,c2
31000498,c2
31000499,c2
31000500,c2
31000501,c2
31000502,c2
31000503,c2
31000504,c2
31000505,c2
31000506,c2
31000507,c2
31000508,c2
31000509,c2
31000510,c2
31000511,c2
31000512,c2
31000513,c2
31000514,c2
31000515,c2
31000516,c2
31000517,c2
31000518,c2
31000519,c2
31000520,c2
31000521,c2
31000522,c2
31000523,c2
31000524,c2
31000525,c2
31000526,c2
31000527,c2
31000528,c2
31000529,c2
31000530,c2
31000531,c2
31000532,c2
31000533,c2
31000534,c2
31000535,c2
31000536,c2
31000537,c2
31000538,c2
31000539,c2
31000540,c2
31000541,c2
31000542,c2
31000543,c2
31000544,c2
31000545,c2
31000546,c2
31000547,c2
31000548,c2
31000549,c2
31000550,c2
31000551,c2
31000552,c2
31000553,c2
31000554,c2
31000555,c2
31000556,c2
31000557,c2
31000558,c2
31000559,c2
31000560,c2
31000561,c2
31000562,c2
31000563,c2
31000564,c2
31000565,c2
31000566,c2
31000567,c2
31000568,c2
31000569,c2
31000570,c2
31000571,c2
31000572,c2
31000573,c2
31000574,c2
31000575,c2
31000576,c2
31000577,c2
31000578,c2
31000579,c2
31000580,c2
31000581,c2
31000582,c2
31000583,c2
31000584,c2
31000585,c2
31000586,c2
31000587,c2
31000588,c2
31000589,c2
31000590,c2
31000591,c2
31000592,c2
31000593,c2
31000594,c2
31000595,c2
31000596,c2
31000597,c2
31000598,c2
31000599,c2
31000600,c2
31000601,c2
31000602,c2
31000603,c2
31000604,c2
31000605,c2
31000606,c2
31000607,c2
31000608,c2
31000609,c2
31000610,c2
31000611,c2
31000612,c2
31000613,c2
31000614,c2
31000615,c2
31000616,c2
31000617,c2
31000618,c2
31000619,c2
31000620,c2
31000621,c2
31000622,c2
31000623,c2
31000624,c2
31000625,c2
31000626,c2
31000627,c2
31000628,c2
31000629,c2
31000630,c2
31000631,c2
31000632,c2
31000633,c2
31000634,c2
31000635,c2
31000636,c2
31000637,c2
31000638,c2
31000639,c2
31000640,c2
31000641,c2
31000642,c2
31000643,c2
31000644,c2
31000645,c2
31000646,c2
31000647,c2
31000648,c2
31000649,c2
31000650,c2
31000651,c2
31000652,c2
31000653,c2
31000654,c2
31000655,c2
31000656,c2
31000657,c2
31000658,c2
31000659,c2
31000660,c2
31000661,c2
31000662,c2
31000663,c2
31000664,c2
31000665,c2
31000666,c2
31000667,c2
31000668,c2
31000669,c2
31000670,c2
31000671,c2
31000672,c2
31000673,c2
31000674,c2
31000675,c2
31000676,c2
31000677,c2
31000678,c2
31000679,c2
31000680,c2
31000681,c2
31000682,c2
31000683,c2
31000684,c2
31000685,c2
31000686,c2
31000687,c2
31000688,c2
31000689,c2
31000690,c2
31000691,c2
31000692,c2
31000693,c2
31000694,c2
31000695,c2
31000696,c2
31000697,c2
31000698,c2
31000699,c2
31000700,c2
31000701,c2
31000702,c2
31000703,c2
31000704,c2
31000705,c2
31000706,c2
31000707,c2
31000708,c2
31000709,c2
31000710,c2
31000711,c2
31000712,c2
31000713,c2
31000714,c2
31000715,c2
31000716,c2
31000717,c2
31000718,c2
31000719,c2
31000720,c2
31000721,c2
31000722,c2
31000723,c2
31000724,c2
31000725,c2
31000726,c2
31000727,c2
31000728,c2
31000729,c2
31000730,c2
31000731,c2
31000732,c2
31000733,c2
31000734,c2
31000735,c2
31000736,c2
31000737,c2
31000738,c2
31000739,c2
31000740,c2
31000741,c2
31000742,c2
31000743,c2
31000744,c2
31000745,c2
31000746,c2
31000747,c2
31000748,c2
31000749,c2
31000750,c2
31000751,c2
31000752,c2
31000753,c2
31000754,c2
31000755,c2
31000756,c2
31000757,c2
31000758,c2
31000759,c2
31000760,c2
31000761,c2
31000762,c2
31000763,c2
31000764,c2
31000765,c2
31000766,c2
31000767,c2
31000768,c2
31000769,c2
31000770,c2
31000771,c2
31000772,c2
31000773,c2
31000774,c2
31000775,c2
31000776,c2
31000777,c2
31000778,c2
31000779,c2
31000780,c2
31000781,c2
31000782,c2
31000783,c2
31000784,c2
31000785,c2
31000786,c2
31000787,c2
31000788,c2
31000789,c2
31000790,c2
31000791,c2
31000792,c2
31000793,c2
31000794,c2
31000795,c2
31000796,c2
31000797,c2
31000798,c2
31000799,c2
31000800,c2
31000801,c2
31000802,c2
31000803,c2
31000804,c2
31000805,c2
31000806,c2
31000807,c2
31000808,c2
31000809,c2
31000810,c2
31000811,c2
31000812,c2
31000813,c2
31000814,c2
31000815,c2
31000816,c2
31000817,c2
31000818,c2
31000819,c2
31000820,c2
31000821,c2
31000822,c2
31000823,c2
31000824,c2
31000825,c2
31000826,c2
31000827,c2
31000828,c2
31000829,c2
31000830,c2
31000831,c2
31000832,c2
31000833,c2
31000834,c2
31000835,c2
31000836,c2
31000837,c2
31000838,c2
31000839,c2
31000840,c2
31000841,c2
31000842,c2
31000843,c2
31000844,c2
31000845,c2
31000846,c2
31000847,c2
31000848,c2
31000849,c2
31000850,c2
31000851,c2
31000852,c2
31000853,c2
31000854,c2
31000855,c2
31000856,c2
31000857,c2
31000858,c2
31000859,c2
31000860,c2
31000861,c2
31000862,c2
31000863,c2
31000864,c2
31000865,c2
31000866,c2
31000867,c2
31000868,c2
31000869,c2
31000870,c2
31000871,c2
31000872,c2
31000873,c2
31000874,c2
31000875,c2
31000876,c2
31000877,c2
31000878,c2
31000879,c2
31000880,c3
31000881,c3
31000882,c3
31000883,c3
31000884,c3
31000885,c3
31000886,c3
31000887,c3
31000888,c3
31000889,c3
31000890,c3
31000891,c3
31000892,c3
31000893,c3
31000894,c3
31000895,c3
31000896,c3
31000897,c3
31000898,c3
31000899,c3
31000900,c3
31000901,c3
31000902,c3
31000903,c3
31000904,c3
31000905,c3
31000906,c3
31000907,c3
31000908,c3
31000909,c3
31000910,c3
31000911,c3
31000912,c3
31000913,c3
31000914,c3
31000915,c3
31000916,c3
31000917,c3
31000918,c3
31000919,c3
31000920,c3
31000921,c3
31000922,c3
31000923,c3
31000924,c3
31000925,c3
31000926,c3
31000927,c3
31000928,c3
31000929,c3
31000930,c3
31000931,c3
31000932,c3
31000933,c3
31000934,c3
31000935,c3
31000936,c3
31000937,c3
31000938,c3
31000939,c3
31000940,c3
31000941,c3
31000942,c3
31000943,c3
31000944,c3
31000945,c3
31000946,c3
31000947,c3
31000948,c3
31000949,c3
31000950,c3
31000951,c3
31000952,c3
31000953,c3
31000954,c3
31000955,c3
31000956,c3
31000957,c3
31000958,c3
31000959,c3
31000960,c3
31000961,c3
31000962,c3
31000963,c3
31000964,c3
31000965,c3
31000966,c3
31000967,c3
31000968,c3
31000969,c3
31000970,c3
31000971,c3
31000972,c3
31000973,c3
31000974,c3
31000975,c3
31000976,c3
31000977,c3
31000978,c3
31000979,c3
31000980,c3
31000981,c3
31000982,c3
31000983,c3
31000984,c3
31000985,c3
31000986,c3
31000987,c3
31000988,c3
31000989,c3
31000990,c3
31000991,c3
31000992,c3
31000993,c3
31000994,c3
31000995,c3
31000996,c3
31000997,c3
31000998,c3
31000999,c3
31001000,c3
31001001,c3
31001002,c3
31001003,c3
31001004,c3
31001005,c3
31001006,c3
31001007,c3
31001008,c3
31001009,c3
31001010,c3
31001011,c3
31001012,c3
31001013,c3
31001014,c3
31001015,c3
31001016,c3
31001017,c3
31001018,c3
31001019,c3
31001020,c3
31001021,c3
31001022,c3
31001023,c3
31001024,c3
31001025,c3
31001026,c3
31001027,c3
31001028,c3
31001029,c3
31001030,c3
31001031,c3
31001032,c3
31001033,c3
31001034,c3
31001035,c3
31001036,c3
31001037,c3
31001038,c3
31001039,c3
31001040,c3
31001041,c3
31001042,c3
31001043,c3
31001044,c3
31001045,c3
31001046,c3
31001047,c3
31001048,c3
31001049,c3
31001050,c3
31001051,c3
31001052,c3
31001053,c3
31001054,c3
31001055,c3
31001056,c3
31001057,c3
31001058,c3
31001059,c3
31001060,c3
31001061,c3
31001062,c3
31001063,c3
31001064,c3
31001065,c3
31001066,c3
31001067,c3
31001068,c3
31001069,c3
31001070,c3
31001071,c3
31001072,c3
31001073,c3
31001074,c3
31001075,c3
31001076,c3
31001077,c3
31001078,c3
31001079,c3
31001080,c3
31001081,c3
31001082,c3
31001083,c3
31001084,c3
31001085,c3
31001086,c3
31001087,c3
31001088,c3
31001089,c3
31001090,c3
31001091,c3
31001092,c3
31001093,c3
31001094,c3
31001095,c3
31001096,c3
31001097,c3
31001098,c3
31001099,c3
31001100,c3
31001101,c3
31001102,c3
31001103,c3
31001104,c3
31001105,c3
31001106,c3
31001107,c3
31001108,c3
31001109,c3
31001110,c3
31001111,c3
31001112,c3
31001113,c3
31001114,c3
31001115,c3
31001116,c3
31001117,c3
31001118,c3
31001119,c3
31001120,c3
31001121,c3
31001122,c3
31001123,c3
31001124,c3
31001125,c3
31001126,c3
31001127,c3
31001128,c3
31001129,c3
31001130,c3
31001131,c3
31001132,c3
31001133,c3
31001134,c3
31001135,c3
31001136,c3
31001137,c3
31001138,c3
31001139,c3
31001140,c3
31001141,c3
31001142,c3
31001143,c3
31001144,c3
31001145,c3
31001146,c3
31001147,c3
31001148,c3
31001149,c3
31001150,c3
31001151,c3
31001152,c3
31001153,c3
31001154,c3
31001155,c3
31001156,c3
31001157,c3
31001158,c3
31001159,c3
31001160,c3
31001161,c3
31001162,c3
31001163,c3
31001164,c3
31001165,c3
31001166,c3
31001167,c3
31001168,c3
31001169,c3
31001170,c3
31001171,c3
31001172,c3
31001173,c3
31001174,c3
31001175,c3
31001176,c3
31001177,c3
31001178,c3
31001179,c3
31001180,c3
31001181,c3
31001182,c3
31001183,c3
31001184,c3
31001185,c3
31001186,c3
31001187,c3
31001188,c3
31001189,c3
31001190,c3
31001191,c3
31001192,c3
31001193,c3
31001194,c3
31001195,c3
31001196,c3
31001197,c3
31001198,c3
31001199,c3
31001200,c3
31001201,c3
31001202,c3
31001203,c3
31001204,c3
31001205,c3
31001206,c3
31001207,c3
31001208,c3
31001209,c3
31001210,c3
31001211,c3
31001212,c3
31001213,c3
31001214,c3
31001215,c3
31001216,c3
31001217,c3
31001218,c3
31001219,c3
31001220,c3
31001221,c3
31001222,c3
31001223,c3
31001224,c3
31001225,c3
31001226,c3
31001227,c3
31001228,c3
31001229,c3
31001230,c3
31001231,c3
31001232,c3
31001233,c3
31001234,c3
31001235,c3
31001236,c3
31001237,c3
31001238,c3
31001239,c3
31001240,c3
31001241,c3
31001242,c3
31001243,c3
31001244,c3
31001245,c3
31001246,c3
31001247,c3
31001248,c3
31001249,c3
31001250,c3
31001251,c3
31001252,c3
31001253,c3
31001254,c3
31001255,c3
31001256,c3
31001257,c3
31001258,c3
31001259,c3
31001260,c3
31001261,c3
31001262,c3
31001263,c3
31001264,c3
31001265,c3
31001266,c3
31001267,c3
31001268,c3
31001269,c3
31001270,c3
31001271,c3
31001272,c3
31001273,c3
31001274,c3
31001275,c3
31001276,c3
31001277,c3
31001278,c3
31001279,c3
31001280,c3
31001281,c3
31001282,c3
31001283,c3
31001284,c3
31001285,c3
31001286,c3
31001287,c3
31001288,c3
31001289,c3
31001290,c3
31001291,c3
31001292,c3
31001293,c3
31001294,c3
31001295,c3
31001296,c3
31001297,c3
31001298,c3
31001299,c3
31001300,c3
31001301,c3
31001302,c3
31001303,c3
31001304,c3
31001305,c3
31001306,c3
31001307,c3
31001308,c3
31001309,c3
31001310,c3
31001311,c3
31001312,c3
31001313,c3
31001314,c3
31001315,c3
31001316,c3
31001317,c3
31001318,c3
31001319,c3
31001320,c3
31001321,c3
31001322,c3
31001323,c3
31001324,c3
31001325,c3
31001326,c3
31001327,c3
31001328,c3
31001329,c3
31001330,c3
31001331,c3
31001332,c3
31001333,c3
31001334,c3
31001335,c3
31001336,c3
31001337,c3
31001338,c3
31001339,c3
31001340,c3
31001341,c3
31001342,c3
31001343,c3
31001344,c3
31001345,c3
31001346,c3
31001347,c3
31001348,c3
31001349,c3
31001350,c3
31001351,c3
31001352,c3
31001353,c3
31001354,c3
31001355,c3
31001356,c3
31001357,c3
31001358,c3
31001359,c3
31001360,c3
31001361,c3
31001362,c3
31001363,c3
31001364,c3
31001365,c3
31001366,c3
31001367,c3
31001368,c3
31001369,c3
31001370,c3
31001371,c3
31001372,c3
31001373,c3
31001374,c3
31001375,c4
31001376,c4
31001377,c4
31001378,c4
31001379,c4
31001380,c4
31001381,c4
31001382,c4
31001383,c4
31001384,c4
31001385,c4
31001386,c4
31001387,c4
31001388,c4
31001389,c4
31001390,c4
31001391,c4
31001392,c4
31001393,c4
31001394,c4
31001395,c4
31001396,c4
31001397,c4
31001398,c4
31001399,c4
31001400,c4
31001401,c4
31001402,c4
31001403,c4
31001404,c4
31001405,c4
31001406,c4
31001407,c4
31001408,c4
31001409,c4
31001410,c4
31001411,c4
31001412,c4
31001413,c4
31001414,c4
31001415,c4
31001416,c4
31001417,c4
31001418,c4
31001419,c4
31001420,c4
31001421,c4
31001422,c4
31001423,c4
31001424,c4
31001425,c4
31001426,c4
31001427,c4
31001428,c4
31001429,c4
31001430,c4
31001431,c4
31001432,c4
31001433,c4
31001434,c4
31001435,c4
31001436,c4
31001437,c4
31001438,c4
31001439,c4
31001440,c4
31001441,c4
31001442,c4
31001443,c4
31001444,c4
31001445,c4
31001446,c4
31001447,c4
31001448,c4
31001449,c4
31001450,c4
31001451,c4
31001452,c4
31001453,c4
31001454,c4
31001455,c4
31001456,c4
31001457,c4
31001458,c4
31001459,c4
31001460,c4
31001461,c4
31001462,c4
31001463,c4
31001464,c4
31001465,c4
31001466,c4
31001467,c4
31001468,c4
31001469,c4
31001470,c4
31001471,c4
31001472,c4
31001473,c4
31001474,c4
31001475,c4
31001476,c4
31001477,c4
31001478,c4
31001479,c4
31001480,c4
31001481,c4
31001482,c4
31001483,c4
31001484,c4
31001485,c4
31001486,c4
31001487,c4
31001488,c4
31001489,c4
31001490,c4
31001491,c4
31001492,c4
31001493,c4
31001494,c4
31001495,c4
31001496,c4
31001497,c4
31001498,c4
31001499,c4
31001500,c4
31001501,c4
31001502,c4
31001503,c4
31001504,c4
31001505,c4
31001506,c4
31001507,c4
31001508,c4
31001509,c4
31001510,c4
31001511,c4
31001512,c4
31001513,c4
31001514,c4
31001515,c4
31001516,c4
31001517,c4
31001518,c4
31001519,c4
31001520,c4
31001521,c4
31001522,c4
31001523,c4
31001524,c4
31001525,c4
31001526,c4
31001527,c4
31001528,c4
31001529,c4
31001530,c4
31001531,c4
31001532,c4
31001533,c4
31001534,c4
31001535,c4
31001536,c4
31001537,c4
31001538,c4
31001539,c4
31001540,c4
31001541,c4
31001542,c4
31001543,c4
31001544,c4
31001545,c4
31001546,c4
31001547,c4
31001548,c4
31001549,c4
31001550,c4
31001551,c4
31001552,c4
31001553,c4
31001554,c4
31001555,c4
31001556,c4
31001557,c4
31001558,c4
31001559,c4
31001560,c4
31001561,c4
31001562,c4
31001563,c4
31001564,c4
31001565,c4
31001566,c4
31001567,c4
31001568,c4
31001569,c4
31001570,c4
31001571,c4
31001572,c4
31001573,c4
31001574,c4
31001575,c4
31001576,c4
31001577,c4
31001578,c4
31001579,c4
31001580,c4
31001581,c4
31001582,c4
31001583,c4
31001584,c4
31001585,c4
31001586,c4
31001587,c4
31001588,c4
31001589,c4
31001590,c4
31001591,c4
31001592,c4
31001593,c4
31001594,c4
31001595,c4
31001596,c4
31001597,c4
31001598,c4
31001599,c4
31001600,c4
31001601,c4
31001602,c4
31001603,c4
31001604,c4
31001605,c4
31001606,c4
31001607,c4
31001608,c4
31001609,c4
31001610,c4
31001611,c4
31001612,c4
31001613,c4
31001614,c4
31001615,c4
31001616,c4
31001617,c4
31001618,c4
31001619,c4
31001620,c4
31001621,c4
31001622,c4
31001623,c4
31001624,c4
31001625,c4
31001626,c4
31001627,c4
31001628,c4
31001629,c4
31001630,c4
31001631,c4
31001632,c4
31001633,c4
31001634,c4
31001635,c4
31001636,c4
31001637,c4
31001638,c4
31001639,c4
31001640,c4
31001641,c4
31001642,c4
31001643,c4
31001644,c4
31001645,c4
31001646,c4
31001647,c4
31001648,c4
31001649,c4
31001650,c4
31001651,c4
31001652,c4
31001653,c4
31001654,c4
31001655,c4
31001656,c4
31001657,c4
31001658,c4
31001659,c4
31001660,c4
31001661,c4
31001662,c4
31001663,c4
31001664,c4
31001665,c4
31001666,c4
31001667,c4
31001668,c4
31001669,c4
31001670,c4
31001671,c4
31001672,c4
31001673,c4
31001674,c4
31001675,c4
31001676,c4
31001677,c4
31001678,c4
31001679,c4
31001680,c4
31001681,c4
31001682,c4
31001683,c4
31001684,c4
31001685,c4
31001686,c4
31001687,c4
31001688,c4
31001689,c4
31001690,c4
31001691,c4
31001692,c4
31001693,c4
31001694,c4
31001695,c4
31001696,c4
31001697,c4
31001698,c4
31001699,c4
31001700,c4
31001701,c4
31001702,c4
31001703,c4
31001704,c4
31001705,c4
31001706,c4
31001707,c4
31001708,c4
31001709,c4
31001710,c4
31001711,c4
31001712,c4
31001713,c4
31001714,c4
31001715,c4
31001716,c4
31001717,c4
31001718,c4
31001719,c4
31001720,c4
31001721,c4
31001722,c4
31001723,c4
31001724,c4
31001725,c4
31001726,c4
31001727,c4
31001728,c4
31001729,c4
31001730,c4
31001731,c4
31001732,c4
31001733,c4
31001734,c4
31001735,c4
31001736,c4
31001737,c4
31001738,c4
31001739,c4
31001740,c4
31001741,c4
31001742,c4
31001743,c4
31001744,c4
31001745,c4
31001746,c4
31001747,c4
31001748,c4
31001749,c4
31001750,c4
31001751,c4
31001752,c4
31001753,c4
31001754,c4
31001755,c4
31001756,c4
31001757,c4
31001758,c4
31001759,c4
31001760,c4
31001761,c4
31001762,c4
31001763,c4
31001764,c4
31001765,c4
31001766,c4
31001767,c4
31001768,c4
31001769,c4
31001770,c4
31001771,c4
31001772,c4
31001773,c4
31001774,c4
31001775,c4
31001776,c4
31001777,c4
31001778,c4
31001779,c4
31001780,c4
31001781,c4
31001782,c4
31001783,c4
31001784,c4
31001785,c4
31001786,c4
31001787,c4
31001788,c4
31001789,c4
31001790,c4
31001791,c4
31001792,c4
31001793,c4
31001794,c4
31001795,c4
31001796,c4
31001797,c4
31001798,c4
31001799,c4
31001800,c4
31001801,c4
31001802,c4
31001803,c4
31001804,c4
31001805,c4
31001806,c4
31001807,c4
31001808,c4
31001809,c4
31001810,c4
31001811,c4
31001812,c4
31001813,c4
31001814,c4
31001815,c4
31001816,c4
31001817,c4
31001818,c4
31001819,c4
31001820,c4
31001821,c4
31001822,c4
31001823,c4
31001824,c4
31001825,c4
31001826,c4
31001827,c4
31001828,c4
31001829,c4
31001830,c4
31001831,c4
31001832,c4
31001833,c4
31001834,c4
31001835,c4
31001836,c4
31001837,c4
31001838,c4
31001839,c4
31001840,c4
31001841,c4
31001842,c4
31001843,c4
31001844,c4
31001845,c4
31001846,c4
31001847,c4
31001848,c4
31001849,c4
31001850,c4
31001851,c4
31001852,c4
31001853,c4
31001854,c4
31001855,c4
31001856,c4
31001857,c4
31001858,c4
31001859,c4
31001860,c4
31001861,c4
31001862,c4
31001863,c4
31001864,c4
31001865,c4
31001866,c4
31001867,c4
31001868,c4
31001869,c4
31001870,c4
31001871,c4
31001872,c4
31001873,c4
31001874,c4
31001875,c4
31001876,c4
31001877,c4
31001878,c4
31001879,c4
31001880,c5
31001881,c5
31001882,c5
31001883,c5
31001884,c5
31001885,c5
31001886,c5
31001887,c5
31001888,c5
31001889,c5
31001890,c5
31001891,c5
31001892,c5
31001893,c5
31001894,c5
31001895,c5
31001896,c5
31001897,c5
31001898,c5
31001899,c5
31001900,c5
31001901,c5
31001902,c5
31001903,c5
31001904,c5
31001905,c5
31001906,c5
31001907,c5
31001908,c5
31001909,c5
31001910,c5
31001911,c5
31001912,c5
31001913,c5
31001914,c5
31001915,c5
31001916,c5
31001917,c5
31001918,c5
31001919,c5
31001920,c5
31001921,c5
31001922,c5
31001923,c5
31001924,c5
31001925,c5
31001926,c5
31001927,c5
31001928,c5
31001929,c5
31001930,c5
31001931,c5
31001932,c5
31001933,c5
31001934,c5
31001935,c5
31001936,c5
31001937,c5
31001938,c5
31001939,c5
31001940,c5
31001941,c5
31001942,c5
31001943,c5
31001944,c5
31001945,c5
31001946,c5
31001947,c5
31001948,c5
31001949,c5
31001950,c5
31001951,c5
31001952,c5
31001953,c5
31001954,c5
31001955,c5
31001956,c5
31001957,c5
31001958,c5
31001959,c5
31001960,c5
31001961,c5
31001962,c5
31001963,c5
31001964,c5
31001965,c5
31001966,c5
31001967,c5
31001968,c5
31001969,c5
31001970,c5
31001971,c5
31001972,c5
31001973,c5
31001974,c5
31001975,c5
31001976,c5
31001977,c5
31001978,c5
31001979,c5
31001980,c5
31001981,c5
31001982,c5
31001983,c5
31001984,c5
31001985,c5
31001986,c5
31001987,c5
31001988,c5
31001989,c5
31001990,c5
31001991,c5
31001992,c5
31001993,c5
31001994,c5
31001995,c5
31001996,c5
31001997,c5
31001998,c5
31001999,c5
31002000,c5
31002001,c5
31002002,c5
31002003,c5
31002004,c5
31002005,c5
31002006,c5
31002007,c5
31002008,c5
31002009,c5
31002010,c5
31002011,c5
31002012,c5
31002013,c5
31002014,c5
31002015,c5
31002016,c5
31002017,c5
31002018,c5
31002019,c5
31002020,c5
31002021,c5
31002022,c5
31002023,c5
31002024,c5
31002025,c5
31002026,c5
31002027,c5
31002028,c5
31002029,c5
31002030,c5
31002031,c5
31002032,c5
31002033,c5
31002034,c5
31002035,c5
31002036,c5
31002037,c5
31002038,c5
31002039,c5
31002040,c5
31002041,c5
31002042,c5
31002043,c5
31002044,c5
31002045,c5
31002046,c5
31002047,c5
31002048,c5
31002049,c5
31002050,c5
31002051,c5
31002052,c5
31002053,c5
31002054,c5
31002055,c5
31002056,c5
31002057,c5
31002058,c5
31002059,c5
31002060,c5
31002061,c5
31002062,c5
31002063,c5
31002064,c5
31002065,c5
31002066,c5
31002067,c5
31002068,c5
31002069,c5
31002070,c5
31002071,c5
31002072,c5
31002073,c5
31002074,c5
31002075,c5
31002076,c5
31002077,c5
31002078,c5
31002079,c5
31002080,c5
31002081,c5
31002082,c5
31002083,c5
31002084,c5
31002085,c5
31002086,c5
31002087,c5
31002088,c5
31002089,c5
31002090,c5
31002091,c5
31002092,c5
31002093,c5
31002094,c5
31002095,c5
31002096,c5
31002097,c5
31002098,c5
31002099,c5
31002100,c5
31002101,c5
31002102,c5
31002103,c5
31002104,c5
31002105,c5
31002106,c5
31002107,c5
31002108,c5
31002109,c5
31002110,c5
31002111,c5
31002112,c5
31002113,c5
31002114,c5
31002115,c5
31002116,c5
31002117,c5
31002118,c5
31002119,c5
31002120,c5
31002121,c5
31002122,c5
31002123,c5
31002124,c5
31002125,c5
31002126,c5
31002127,c5
31002128,c5
31002129,c5
31002130,c5
31002131,c5
31002132,c5
31002133,c5
31002134,c5
31002135,c5
31002136,c5
31002137,c5
31002138,c5
31002139,c5
31002140,c5
31002141,c5
31002142,c5
31002143,c5
31002144,c5
31002145,c5
31002146,c5
31002147,c5
31002148,c5
31002149,c5
31002150,c5
31002151,c5
31002152,c5
31002153,c5
31002154,c5
31002155,c5
31002156,c5
31002157,c5
31002158,c5
31002159,c5
31002160,c5
31002161,c5
31002162,c5
31002163,c5
31002164,c5
31002165,c5
31002166,c5
31002167,c5
31002168,c5
31002169,c5
31002170,c5
31002171,c5
31002172,c5
31002173,c5
31002174,c5
31002175,c5
31002176,c5
31002177,c5
31002178,c5
31002179,c5
31002180,c5
31002181,c5
31002182,c5
31002183,c5
31002184,c5
31002185,c5
31002186,c5
31002187,c5
31002188,c5
31002189,c5
31002190,c5
31002191,c5
31002192,c5
31002193,c5
31002194,c5
31002195,c5
31002196,c5
31002197,c5
31002198,c5
31002199,c5
31002200,c5
31002201,c5
31002202,c5
31002203,c5
31002204,c5
31002205,c5
31002206,c5
31002207,c5
31002208,c5
31002209,c5
31002210,c5
31002211,c5
31002212,c5
31002213,c5
31002214,c5
31002215,c5
31002216,c5
31002217,c5
31002218,c5
31002219,c5
31002220,c5
31002221,c5
31002222,c5
31002223,c5
31002224,c5
31002225,c5
31002226,c5
31002227,c5
31002228,c5
31002229,c5
31002230,c5
31002231,c5
31002232,c5
31002233,c5
31002234,c5
31002235,c5
31002236,c5
31002237,c5
31002238,c5
31002239,c5
31002240,c5
31002241,c5
31002242,c5
31002243,c5
31002244,c5
31002245,c5
31002246,c5
31002247,c5
31002248,c5
31002249,c5
31002250,c5
31002251,c5
31002252,c5
31002253,c5
31002254,c5
31002255,c5
31002256,c5
31002257,c5
31002258,c5
31002259,c5
31002260,c5
31002261,c5
31002262,c5
31002263,c5
31002264,c5
31002265,c5
31002266,c5
31002267,c5
31002268,c5
31002269,c5
31002270,c5
31002271,c5
31002272,c5
31002273,c5
31002274,c5
31002275,c5
31002276,c5
31002277,c5
31002278,c5
31002279,c5
31002280,c5
31002281,c5
31002282,c5
31002283,c5
31002284,c5
31002285,c5
31002286,c5
31002287,c5
31002288,c5
31002289,c5
31002290,c5
31002291,c5
31002292,c5
31002293,c5
31002294,c5
31002295,c5
31002296,c5
31002297,c5
31002298,c5
31002299,c5
31002300,c5
31002301,c5
31002302,c5
31002303,c5
31002304,c5
31002305,c5
31002306,c5
31002307,c5
31002308,c5
31002309,c5
31002310,c5
31002311,c5
31002312,c5
31002313,c5
31002314,c5
31002315,c5
31002316,c5
31002317,c5
31002318,c5
31002319,c5
31002320,c5
31002321,c5
31002322,c5
31002323,c5
31002324,c5
31002325,c5
31002326,c5
31002327,c5
31002328,c5
31002329,c5
31002330,c5
31002331,c5
31002332,c5
31002333,c5
31002334,c5
31002335,c5
31002336,c5
31002337,c5
31002338,c5
31002339,c5
31002340,c5
31002341,c5
31002342,c5
31002343,c5
31002344,c5
31002345,c5
31002346,c5
31002347,c5
31002348,c5
31002349,c5
31002350,c5
31002351,c5
31002352,c5
31002353,c5
31002354,c5
31002355,c5
31002356,c5
31002357,c5
31002358,c5
31002359,c5
31002360,c5
31002361,c5
31002362,c5
31002363,c5
31002364,c5
31002365,c5
31002366,c5
31002367,c6
31002368,c6
31002369,c6
31002370,c6
31002371,c6
31002372,c6
31002373,c6
31002374,c6
31002375,c6
31002376,c6
31002377,c6
31002378,c6
31002379,c6
31002380,c6
31002381,c6
31002382,c6
31002383,c6
31002384,c6
31002385,c6
31002386,c6
31002387,c6
31002388,c6
31002389,c6
31002390,c6
31002391,c6
31002392,c6
31002393,c6
31002394,c6
31002395,c6
31002396,c6
31002397,c6
31002398,c6
31002399,c6
31002400,c6
31002401,c6
31002402,c6
31002403,c6
31002404,c6
31002405,c6
31002406,c6
31002407,c6
31002408,c6
31002409,c6
31002410,c6
31002411,c6
31002412,c6
31002413,c6
31002414,c6
31002415,c6
31002416,c6
31002417,c6
31002418,c6
31002419,c6
31002420,c6
31002421,c6
31002422,c6
31002423,c6
31002424,c6
31002425,c6
31002426,c6
31002427,c6
31002428,c6
31002429,c6
31002430,c6
31002431,c6
31002432,c6
31002433,c6
31002434,c6
31002435,c6
31002436,c6
31002437,c6
31002438,c6
31002439,c6
31002440,c6
31002441,c6
31002442,c6
31002443,c6
31002444,c6
31002445,c6
31002446,c6
31002447,c6
31002448,c6
31002449,c6
31002450,c6
31002451,c6
31002452,c6
31002453,c6
31002454,c6
31002455,c6
31002456,c6
31002457,c6
31002458,c6
31002459,c6
31002460,c6
31002461,c6
31002462,c6
31002463,c6
31002464,c6
31002465,c6
31002466,c6
31002467,c6
31002468,c6
31002469,c6
31002470,c6
31002471,c5
31002472,c5
31002473,c5
31002474,c6
31002475,c5
31002476,c5
31002477,c5
31002478,c6
31002479,c5
31002480,c5
31002481,c5
31002482,c5
31002483,c5
31002484,c6
31002485,c5
31002486,c5
31002487,c6
31002488,c5
31002489,c6
31002490,c5
31002491,c5
31002492,c6
31002493,c5
31002494,c5
31002495,c6
31002496,c5
31002497,c5
31002498,c6
31002499,c5
31002500,c5
31002501,c5
31002502,c6
31002503,c5
31002504,c5
31002505,c1
31002506,c1
31002507,c1
31002508,c1
31002509,c1
31002510,c1
31002511,c1
31002512,c1
31002513,c1
31002514,c1
31002515,c2
31002516,c2
31002517,c2
31002518,c2
31002519,c2
31002520,c2
31002521,c2
31002522,c2
31002523,c2
31002524,c2
31002525,c2
31002526,c2
31002527,c3
31002528,c3
31002529,c3
31002530,c3
31002531,c3
31002532,c3
31002533,c3
31002534,c3
31002535,c3
31002536,c3
31002537,c3
31002538,c4
31002539,c4
31002540,c4
31002541,c4
31002542,c4
31002543,c4
31002544,c4
31002545,c4
31002546,c4
31002547,c4
31002548,c4
31002549,c4
31002550,c4
31002551,c4
31002552,c4
31002553,c4
31002554,c4
31002555,c4
31002556,c5
31002557,c5
31002558,c5
31002559,c5
31002560,c5
31002561,c5
31002562,c5
31002563,c5
31002564,c5
31002565,c5
31002566,c5
31002567,c5
31002568,c5
31002569,c5
31002570,c5
31002571,c5
31002572,c5
31002573,c5
31002574,c5
31002575,c6
31002576,c6
31002577,c6
31002578,c6
31002579,c6
31002580,c13
31002581,c13
31002582,c13
31002583,c13
31002584,c13
31002585,c13
31002586,c13
31002587,c13
31002588,c13
31002589,c13
31002590,c13
31002591,c13
31002592,c13
31002593,c13
31002594,c13
31002595,c13
31002596,c13
31002597,c13
31002598,c13
31002599,c13
31002600,c13
31002601,c13
31002602,c13
31002603,c13
31002604,c13
